*
MySQL Backup
Database: jqp
Backup Time: 2022-01-07 10:07:56
*/

SET FOREIGN_KEY_CHECKS=0;
DROP TABLE IF EXISTS `jqp`.`dic`;
DROP TABLE IF EXISTS `jqp`.`dic_item`;
DROP TABLE IF EXISTS `jqp`.`form`;
DROP TABLE IF EXISTS `jqp`.`form_field`;
DROP TABLE IF EXISTS `jqp`.`form_ref`;
DROP TABLE IF EXISTS `jqp`.`page`;
DROP TABLE IF EXISTS `jqp`.`page_button`;
DROP TABLE IF EXISTS `jqp`.`page_query_field`;
DROP TABLE IF EXISTS `jqp`.`page_result_field`;
DROP TABLE IF EXISTS `jqp`.`sys_menu`;
DROP TABLE IF EXISTS `jqp`.`test`;
CREATE TABLE `dic` (
  `id` bigint(20) NOT NULL AUTO_INCREMENT COMMENT '主键',
  `dic_code` varchar(64) DEFAULT NULL COMMENT '字典编号',
  `dic_name` varchar(64) DEFAULT NULL COMMENT '字典名称1',
  PRIMARY KEY (`id`)
) ENGINE=InnoDB AUTO_INCREMENT=8 DEFAULT CHARSET=utf8 COMMENT='数据字典';
CREATE TABLE `dic_item` (
  `id` bigint(20) NOT NULL AUTO_INCREMENT COMMENT '主键',
  `parent_id` bigint(20) DEFAULT NULL COMMENT '字典id',
  `label` varchar(64) DEFAULT NULL COMMENT '字典标签',
  `value` varchar(64) DEFAULT NULL COMMENT '字典值',
  PRIMARY KEY (`id`),
  KEY `dic_item_parent_id` (`parent_id`),
  CONSTRAINT `dic_item_parent_id` FOREIGN KEY (`parent_id`) REFERENCES `dic` (`id`) ON DELETE CASCADE ON UPDATE CASCADE
) ENGINE=InnoDB AUTO_INCREMENT=14 DEFAULT CHARSET=utf8 COMMENT='字典明细';
CREATE TABLE `form` (
  `id` bigint(20) NOT NULL AUTO_INCREMENT COMMENT '主键',
  `code` varchar(64) NOT NULL COMMENT '编号',
  `name` varchar(64) NOT NULL COMMENT '名称',
  `table_name` varchar(64) DEFAULT NULL COMMENT '主表',
  `js` longtext COMMENT 'js脚本',
  `init_api` varchar(1024) DEFAULT NULL COMMENT '初始化接口',
  `api` varchar(1024) DEFAULT NULL COMMENT '保存接口',
  `size` varchar(20) DEFAULT NULL COMMENT '窗口大小',
  `field_width` int(11) DEFAULT NULL COMMENT '字段宽度',
  PRIMARY KEY (`id`),
  KEY `form_code` (`code`) COMMENT '表单编号索引',
  KEY `form_table_name` (`table_name`) COMMENT '表单主表索引'
) ENGINE=InnoDB AUTO_INCREMENT=6 DEFAULT CHARSET=utf8 COMMENT='表单';
CREATE TABLE `form_field` (
  `id` bigint(20) NOT NULL AUTO_INCREMENT COMMENT '主键',
  `form_id` bigint(20) DEFAULT NULL COMMENT '表单id',
  `field` varchar(64) DEFAULT NULL COMMENT '字段',
  `label` varchar(64) DEFAULT NULL COMMENT '注释',
  `width` int(11) DEFAULT NULL COMMENT '宽度',
  `type` varchar(20) DEFAULT NULL COMMENT '类型',
  `format` varchar(64) DEFAULT NULL COMMENT '格式化',
  `hidden` varchar(20) DEFAULT NULL COMMENT '是否隐藏',
  `seq` int(11) DEFAULT NULL COMMENT '序号',
  `value` varchar(64) DEFAULT NULL COMMENT '默认值',
  `multi` varchar(20) DEFAULT NULL COMMENT '是否多选',
  `must` varchar(20) DEFAULT NULL COMMENT '是否必填',
  PRIMARY KEY (`id`)
) ENGINE=InnoDB AUTO_INCREMENT=111 DEFAULT CHARSET=utf8 COMMENT='表单字段';
CREATE TABLE `form_ref` (
  `id` bigint(20) NOT NULL AUTO_INCREMENT COMMENT '主键',
  `form_id` bigint(20) DEFAULT NULL COMMENT '表单id',
  `ref_page_code` varchar(64) DEFAULT NULL COMMENT '关联页面编号',
  `ref_field` varchar(64) DEFAULT NULL COMMENT '关联字段',
  PRIMARY KEY (`id`)
) ENGINE=InnoDB AUTO_INCREMENT=3 DEFAULT CHARSET=utf8 COMMENT='表单关联';
CREATE TABLE `page` (
  `id` bigint(20) NOT NULL AUTO_INCREMENT COMMENT '主键',
  `code` varchar(64) DEFAULT NULL COMMENT '编码',
  `query_sql` longtext COMMENT '查询sql',
  `page_type` varchar(20) DEFAULT NULL COMMENT '页面类型',
  `order_by` varchar(256) DEFAULT NULL COMMENT '排序',
  `js` longtext COMMENT 'js脚本',
  `name` varchar(20) NOT NULL COMMENT '名称',
  `label_field` varchar(64) DEFAULT NULL COMMENT '名称字段',
  `value_field` varchar(64) DEFAULT NULL COMMENT '值字段',
  PRIMARY KEY (`id`),
  KEY `code` (`code`) COMMENT '编码索引'
) ENGINE=InnoDB AUTO_INCREMENT=9 DEFAULT CHARSET=utf8 COMMENT='页面';
CREATE TABLE `page_button` (
  `id` bigint(20) NOT NULL AUTO_INCREMENT COMMENT '主键',
  `page_id` bigint(20) DEFAULT NULL COMMENT '页面id',
  `label` varchar(20) DEFAULT NULL COMMENT '按钮名称',
  `button_location` varchar(20) DEFAULT NULL COMMENT '按钮位置',
  `option_type` varchar(20) DEFAULT NULL COMMENT '操作类型',
  `option_value` varchar(1024) DEFAULT NULL COMMENT '操作配置',
  `level` varchar(20) DEFAULT NULL COMMENT '按钮级别',
  `confirm_text` varchar(64) DEFAULT NULL COMMENT '二次确认提示',
  `seq` int(11) DEFAULT NULL COMMENT '序号',
  `js_rule` varchar(1024) DEFAULT NULL COMMENT '按钮禁用规则',
  PRIMARY KEY (`id`),
  KEY `page_button_page_id` (`page_id`) COMMENT '页面id索引'
) ENGINE=InnoDB AUTO_INCREMENT=82 DEFAULT CHARSET=utf8 COMMENT='页面按钮';
CREATE TABLE `page_query_field` (
  `id` bigint(20) NOT NULL AUTO_INCREMENT COMMENT '主键',
  `page_id` bigint(20) DEFAULT NULL COMMENT '页面id',
  `field` varchar(64) DEFAULT NULL COMMENT '字段',
  `label` varchar(64) DEFAULT NULL COMMENT '标签',
  `value` varchar(1024) DEFAULT NULL COMMENT '默认值',
  `opt` varchar(20) DEFAULT NULL COMMENT '操作符',
  `hidden` varchar(20) DEFAULT NULL COMMENT '是否隐藏',
  `must` varchar(20) DEFAULT NULL COMMENT '是否必填',
  `type` varchar(20) DEFAULT NULL COMMENT '类型',
  `format` varchar(20) DEFAULT NULL COMMENT '格式化',
  `date_express` varchar(64) DEFAULT NULL COMMENT '日期表达式',
  `option_sql` longtext COMMENT '选项查询sql',
  `seq` bigint(20) DEFAULT NULL COMMENT '序号',
  `width` int(11) DEFAULT NULL COMMENT '宽度',
  PRIMARY KEY (`id`)
) ENGINE=InnoDB AUTO_INCREMENT=133 DEFAULT CHARSET=utf8 COMMENT='页面查询字段';
CREATE TABLE `page_result_field` (
  `id` bigint(20) NOT NULL AUTO_INCREMENT COMMENT '主键',
  `page_id` bigint(20) DEFAULT NULL COMMENT '页面id',
  `field` varchar(64) DEFAULT NULL COMMENT '字段',
  `label` varchar(64) DEFAULT NULL COMMENT '注释',
  `width` int(11) DEFAULT NULL COMMENT '宽度',
  `type` varchar(20) DEFAULT NULL COMMENT '类型',
  `format` varchar(64) DEFAULT NULL COMMENT '格式化',
  `hidden` varchar(20) DEFAULT NULL COMMENT '是否隐藏',
  `seq` int(11) NOT NULL COMMENT '序号',
  PRIMARY KEY (`id`)
) ENGINE=InnoDB AUTO_INCREMENT=340 DEFAULT CHARSET=utf8 COMMENT='页面查询结果';
CREATE TABLE `sys_menu` (
  `id` bigint(20) NOT NULL AUTO_INCREMENT COMMENT '主键',
  `parent_id` bigint(20) DEFAULT NULL COMMENT '父菜单',
  `menu_code` varchar(64) DEFAULT NULL COMMENT '菜单编号',
  `menu_name` varchar(64) DEFAULT NULL COMMENT '菜单名称',
  `menu_type` varchar(20) DEFAULT NULL COMMENT '菜单类型',
  PRIMARY KEY (`id`),
  KEY `sys_menu_parent_id` (`parent_id`),
  CONSTRAINT `sys_menu_parent_id` FOREIGN KEY (`parent_id`) REFERENCES `sys_menu` (`id`) ON DELETE CASCADE ON UPDATE CASCADE
) ENGINE=InnoDB AUTO_INCREMENT=9 DEFAULT CHARSET=utf8 COMMENT='系统菜单';
CREATE TABLE `test` (
  `id` bigint(20) NOT NULL AUTO_INCREMENT COMMENT '主键',
  `name` varchar(20) DEFAULT NULL COMMENT '名称',
  `code` varchar(64) DEFAULT NULL COMMENT '编号',
  `create_time` datetime DEFAULT NULL COMMENT '时间',
  PRIMARY KEY (`id`)
) ENGINE=InnoDB AUTO_INCREMENT=2214 DEFAULT CHARSET=utf8 COMMENT='测试';
BEGIN;
LOCK TABLES `jqp`.`dic` WRITE;
DELETE FROM `jqp`.`dic`;
INSERT INTO `jqp`.`dic` (`id`,`dic_code`,`dic_name`) VALUES (1, 'gender', '性别'),(2, 'whether', '是否'),(5, 'menuType', '菜单类型');
UNLOCK TABLES;
COMMIT;
BEGIN;
LOCK TABLES `jqp`.`dic_item` WRITE;
DELETE FROM `jqp`.`dic_item`;
INSERT INTO `jqp`.`dic_item` (`id`,`parent_id`,`label`,`value`) VALUES (1, 1, '男', '1'),(3, 1, '保密', '3'),(4, 2, '是', 'YES'),(5, 2, '否', 'NO'),(10, 5, '后台菜单', '1'),(11, 5, '前台菜单', '2');
UNLOCK TABLES;
COMMIT;
BEGIN;
LOCK TABLES `jqp`.`form` WRITE;
DELETE FROM `jqp`.`form`;
INSERT INTO `jqp`.`form` (`id`,`code`,`name`,`table_name`,`js`,`init_api`,`api`,`size`,`field_width`) VALUES (1, 'test', '测试', 'test', '', NULL, NULL, 'lg', 6),(2, 'dicForm', '数据字典', 'dic', '', NULL, NULL, 'full', 12),(3, 'dicItemForm', '字典明细表单', 'dic_item', '', NULL, NULL, 'default', 12),(4, 'foreignKeyForm', '外键表单', NULL, '', NULL, 'post:/tableInfo/saveForeignKey', 'default', 12),(5, 'sysMenuForm', '菜单表单', 'sys_menu', '', NULL, NULL, 'default', 12);
UNLOCK TABLES;
COMMIT;
BEGIN;
LOCK TABLES `jqp`.`form_field` WRITE;
DELETE FROM `jqp`.`form_field`;
INSERT INTO `jqp`.`form_field` (`id`,`form_id`,`field`,`label`,`width`,`type`,`format`,`hidden`,`seq`,`value`,`multi`,`must`) VALUES (65, 1, 'id', '主键', NULL, 'long', NULL, 'YES', 0, NULL, 'NO', 'NO'),(66, 1, 'name', '名称', NULL, 'string', NULL, 'NO', 0, NULL, 'NO', 'NO'),(67, 1, 'code', '编号', NULL, 'string', NULL, 'NO', 0, NULL, 'NO', 'NO'),(68, 1, 'createTime', '时间', NULL, 'date', 'yyyy-MM-dd', 'NO', 0, NULL, 'NO', 'NO'),(72, 3, 'id', '主键', NULL, 'long', NULL, 'YES', 0, NULL, 'NO', 'NO'),(73, 3, 'parentId', '字典id', NULL, 'long', NULL, 'YES', 0, NULL, 'NO', 'NO'),(74, 3, 'label', '字典标签', NULL, 'string', NULL, 'NO', 0, NULL, 'NO', 'NO'),(75, 3, 'value', '字典值', NULL, 'string', NULL, 'NO', 0, NULL, 'NO', 'NO'),(76, 4, 'constraintName', '外键名称', NULL, 'string', NULL, 'NO', 0, NULL, 'NO', 'YES'),(77, 4, 'tableName', '表名', NULL, 'string', NULL, 'NO', 0, NULL, 'NO', 'YES'),(78, 4, 'columnName', '列名', NULL, 'string', NULL, 'NO', 0, NULL, 'NO', 'YES'),(79, 4, 'referencedTableName', '关联表名', NULL, 'string', NULL, 'NO', 0, NULL, 'NO', 'YES'),(80, 4, 'referencedColumnName', '关联列名', NULL, 'string', NULL, 'NO', 0, NULL, 'NO', 'YES'),(100, 5, 'id', '主键', NULL, 'long', NULL, 'YES', 0, NULL, 'NO', 'NO'),(101, 5, 'parentId', '父菜单', NULL, 'selector', 'menu', 'NO', 0, NULL, 'NO', 'NO'),(102, 5, 'menuCode', '菜单编号', NULL, 'string', NULL, 'NO', 0, NULL, 'NO', 'NO'),(103, 5, 'menuName', '菜单名称', NULL, 'string', NULL, 'NO', 0, NULL, 'NO', 'NO'),(104, 5, 'menuType', '菜单类型', NULL, 'dic', 'menuType', 'NO', 0, NULL, 'NO', 'NO'),(108, 2, 'id', '主键', NULL, 'long', NULL, 'YES', 0, NULL, 'NO', 'NO'),(109, 2, 'dicCode', '字典编号', NULL, 'string', NULL, 'NO', 0, NULL, 'NO', 'NO'),(110, 2, 'dicName', '字典名称', NULL, 'string', NULL, 'NO', 0, NULL, 'NO', 'NO');
UNLOCK TABLES;
COMMIT;
BEGIN;
LOCK TABLES `jqp`.`form_ref` WRITE;
DELETE FROM `jqp`.`form_ref`;
INSERT INTO `jqp`.`form_ref` (`id`,`form_id`,`ref_page_code`,`ref_field`) VALUES (2, 2, 'dic_item', 'parentId');
UNLOCK TABLES;
COMMIT;
BEGIN;
LOCK TABLES `jqp`.`page` WRITE;
DELETE FROM `jqp`.`page`;
INSERT INTO `jqp`.`page` (`id`,`code`,`query_sql`,`page_type`,`order_by`,`js`,`name`,`label_field`,`value_field`) VALUES (1, 'test1', 'select * from page ', 'list', NULL, '', '测试1', NULL, NULL),(2, 'menu', 'select * from sys_menu', 'tree', 'order by menu_code asc', '', '菜单查询', 'menuName', 'id'),(3, 'dic', 'select * from dic', 'list', NULL, '', '字典', NULL, NULL),(4, 'dic_item', 'select * from dic_item', 'list', NULL, '', '字典明细', NULL, NULL),(6, 'test', 'select * from test', 'list', NULL, '', '测试', NULL, NULL),(7, 'form', 'select * from form ', 'list', NULL, '', '表单管理', NULL, NULL),(8, 'foreignKey', 'select\r\ns.CONSTRAINT_NAME,\r\ns.TABLE_NAME,\r\nt.TABLE_COMMENT,\r\ns.COLUMN_NAME,\r\ntc.COLUMN_COMMENT,\r\ns.ORDINAL_POSITION,\r\ns.REFERENCED_TABLE_NAME,\r\nr.TABLE_COMMENT REFERENCED_TABLE_COMMENT,\r\ns.REFERENCED_COLUMN_NAME,\r\nrc.COLUMN_COMMENT REFERENCED_COLUMN_COMMENT\r\nfrom INFORMATION_SCHEMA.KEY_COLUMN_USAGE s\r\nleft join information_schema.`TABLES` t on t.TABLE_NAME = s.TABLE_NAME and t.TABLE_SCHEMA = s.TABLE_SCHEMA\r\nleft join information_schema.`COLUMNS` tc on tc.TABLE_NAME = s.TABLE_NAME and tc.TABLE_SCHEMA = s.TABLE_SCHEMA and tc.COLUMN_NAME = s.COLUMN_NAME\r\nleft join information_schema.`TABLES` r on r.TABLE_NAME = s.REFERENCED_TABLE_NAME and r.TABLE_SCHEMA = s.TABLE_SCHEMA\r\nleft join information_schema.`COLUMNS` rc on rc.TABLE_NAME = s.REFERENCED_TABLE_NAME and rc.TABLE_SCHEMA = s.TABLE_SCHEMA and rc.COLUMN_NAME = s.REFERENCED_COLUMN_NAME\r\nwhere s.table_schema =\'jqp\'\r\nand s.REFERENCED_COLUMN_NAME is not null', 'list', NULL, '', '外键管理', NULL, NULL);
UNLOCK TABLES;
COMMIT;
BEGIN;
LOCK TABLES `jqp`.`page_button` WRITE;
DELETE FROM `jqp`.`page_button`;
INSERT INTO `jqp`.`page_button` (`id`,`page_id`,`label`,`button_location`,`option_type`,`option_value`,`level`,`confirm_text`,`seq`,`js_rule`) VALUES (10, 6, '新建', 'top', 'form', 'test', 'default', NULL, 1, NULL),(11, 6, '编辑', 'row', 'form', 'test', 'default', NULL, 2, NULL),(12, 6, '删除', 'row', 'ajax', 'post:/admin/common/test/delete/${id}', 'danger', '确认要删除${name}?', 3, 'name==\'123\''),(24, 3, '新建', 'top', 'form', 'dicForm', 'primary', NULL, 1, NULL),(25, 3, '编辑', 'row', 'form', 'dicForm', 'default', NULL, 2, NULL),(26, 3, '删除', 'row', 'ajax', 'post:/admin/common/dic/delete/${id}', 'danger', '确定删除字典${name}吗?', 3, NULL),(32, 8, '新增', 'top', 'form', 'foreignKeyForm', 'primary', NULL, 1, NULL),(33, 8, '删除', 'row', 'ajax', '/tableInfo/dropForeignKey?tableName=${tableName}&constraintName=${constraintName}', 'danger', NULL, 2, NULL),(73, 2, '删除', 'row', 'ajax', '/admin/common/sysMenu/delete/${id}', 'danger', NULL, 1, NULL),(74, 2, '新增', 'top', 'form', 'sysMenuForm', 'primary', NULL, 2, NULL),(75, 2, '编辑', 'row', 'form', 'sysMenuForm', 'default', NULL, 3, NULL),(79, 4, '新建', 'top', 'form', 'dicItemForm', 'primary', NULL, 1, 'parentId==-1||parentId==\'\''),(80, 4, '编辑', 'row', 'form', 'dicItemForm', 'default', NULL, 2, NULL),(81, 4, '删除', 'row', 'ajax', 'post:/admin/common/dicItem/delete/${id}', 'danger', '确定删除字典明细${label}吗?', 3, NULL);
UNLOCK TABLES;
COMMIT;
BEGIN;
LOCK TABLES `jqp`.`page_query_field` WRITE;
DELETE FROM `jqp`.`page_query_field`;
INSERT INTO `jqp`.`page_query_field` (`id`,`page_id`,`field`,`label`,`value`,`opt`,`hidden`,`must`,`type`,`format`,`date_express`,`option_sql`,`seq`,`width`) VALUES (15, 1, 'name', '名称', NULL, 'like', 'NO', 'NO', 'string', NULL, NULL, NULL, 1, NULL),(41, 7, 'code', '编号', NULL, 'like', 'NO', 'NO', 'string', NULL, NULL, NULL, 1, NULL),(42, 7, 'name', '名称', NULL, 'like', 'NO', 'NO', 'string', NULL, NULL, NULL, 2, NULL),(51, 6, 'code', '编号', NULL, 'like', 'NO', 'NO', 'string', NULL, NULL, NULL, 1, NULL),(52, 6, 'create_time', '日期', NULL, 'betweenAnd', 'NO', 'NO', 'date', 'yyyy-MM-dd', NULL, NULL, 2, NULL),(69, 3, 'dic_code', '字典编号', NULL, 'like', 'NO', 'NO', 'string', NULL, NULL, NULL, 1, 6),(70, 3, 'dic_name', '字典名称', NULL, 'like', 'NO', 'NO', 'string', NULL, NULL, NULL, 2, 6),(76, 8, 'TABLE_NAME', '主表', NULL, 'like', 'NO', 'NO', 'string', NULL, NULL, NULL, 1, NULL),(77, 8, 'TABLE_COMMENT', '主表备注', NULL, 'like', 'NO', 'NO', 'string', NULL, NULL, NULL, 2, NULL),(78, 8, 'COLUMN_NAME', '字段', NULL, 'like', 'NO', 'NO', 'string', NULL, NULL, NULL, 3, NULL),(79, 8, 'COLUMN_COMMENT', '字段备注', NULL, 'like', 'NO', 'NO', 'string', NULL, NULL, NULL, 4, NULL),(80, 8, 'REFERENCED_TABLE_NAME', '关联表', NULL, 'like', 'NO', 'NO', 'string', NULL, NULL, NULL, 5, NULL),(81, 8, 'REFERENCED_TABLE_COMMENT', '关联表备注', NULL, 'like', 'NO', 'NO', 'string', NULL, NULL, NULL, 6, NULL),(82, 8, 'REFERENCED_COLUMN_NAME', '关联字段', NULL, 'like', 'NO', 'NO', 'string', NULL, NULL, NULL, 7, NULL),(83, 8, 'REFERENCED_COLUMN_COMMENT', '关联字段备注', NULL, 'like', 'NO', 'NO', 'string', NULL, NULL, NULL, 8, NULL),(124, 2, 'menu_code', '菜单编号', NULL, 'like', 'NO', 'NO', 'string', NULL, NULL, NULL, 1, NULL),(125, 2, 'menu_name', '菜单名称', NULL, 'like', 'NO', 'NO', 'string', NULL, NULL, NULL, 2, NULL),(126, 2, 'menu_type', '菜单类型', NULL, 'eq', 'NO', 'NO', 'dic', 'menuType', NULL, NULL, 3, NULL),(130, 4, 'label', '标签', NULL, 'like', 'NO', 'NO', 'string', NULL, NULL, NULL, 1, 6),(131, 4, 'value', '值', NULL, 'like', 'NO', 'NO', 'string', NULL, NULL, NULL, 2, 6),(132, 4, 'parent_id', '字典id', '-1', 'eq', 'YES', 'YES', 'long', NULL, NULL, NULL, 3, NULL);
UNLOCK TABLES;
COMMIT;
BEGIN;
LOCK TABLES `jqp`.`page_result_field` WRITE;
DELETE FROM `jqp`.`page_result_field`;
INSERT INTO `jqp`.`page_result_field` (`id`,`page_id`,`field`,`label`,`width`,`type`,`format`,`hidden`,`seq`) VALUES (127, 1, 'id', '主键', NULL, 'long', NULL, 'YES', 1),(128, 1, 'code', '编码', NULL, 'string', NULL, 'NO', 2),(129, 1, 'name', '名称', NULL, 'string', NULL, 'NO', 3),(130, 1, 'page_type', '页面类型', NULL, 'string', NULL, 'NO', 4),(131, 1, 'query_sql', '查询sql', NULL, 'sql', NULL, 'NO', 5),(132, 1, 'order_by', '排序', NULL, 'string', NULL, 'NO', 6),(133, 1, 'js', 'js脚本', NULL, 'js', NULL, 'NO', 7),(174, 7, 'id', '主键', NULL, 'long', NULL, 'YES', 1),(175, 7, 'code', '编号', NULL, 'string', NULL, 'NO', 2),(176, 7, 'name', '名称', NULL, 'string', NULL, 'NO', 3),(177, 7, 'table_name', '主表', NULL, 'string', NULL, 'NO', 4),(194, 6, 'id', '主键', NULL, 'long', NULL, 'YES', 1),(195, 6, 'name', '名称', NULL, 'string', NULL, 'NO', 2),(196, 6, 'code', '编号', NULL, 'string', NULL, 'NO', 3),(197, 6, 'create_time', '时间', NULL, 'date', NULL, 'NO', 4),(220, 3, 'id', '主键', NULL, 'long', NULL, 'YES', 1),(221, 3, 'dic_code', '字典编号', NULL, 'string', NULL, 'NO', 2),(222, 3, 'dic_name', '字典名称', NULL, 'string', NULL, 'NO', 3),(251, 8, 'CONSTRAINT_NAME', '外键名称', NULL, 'string', NULL, 'NO', 1),(252, 8, 'TABLE_NAME', '主表', NULL, 'string', NULL, 'NO', 2),(253, 8, 'TABLE_COMMENT', '主表备注', NULL, 'string', NULL, 'NO', 3),(254, 8, 'COLUMN_NAME', '字段', NULL, 'string', NULL, 'NO', 4),(255, 8, 'COLUMN_COMMENT', '字段备注', NULL, 'string', NULL, 'NO', 5),(256, 8, 'ORDINAL_POSITION', '位置', NULL, 'long', NULL, 'NO', 6),(257, 8, 'REFERENCED_TABLE_NAME', '关联表', NULL, 'string', NULL, 'NO', 7),(258, 8, 'REFERENCED_TABLE_COMMENT', '关联表备注', NULL, 'string', NULL, 'NO', 8),(259, 8, 'REFERENCED_COLUMN_NAME', '关联字段', NULL, 'string', NULL, 'NO', 9),(260, 8, 'REFERENCED_COLUMN_COMMENT', '关联字段备注', NULL, 'string', NULL, 'NO', 10),(327, 2, 'id', '主键', NULL, 'long', NULL, 'YES', 1),(328, 2, 'parent_id', '父菜单', NULL, 'long', NULL, 'YES', 2),(329, 2, 'menu_code', '菜单编号', NULL, 'string', NULL, 'NO', 3),(330, 2, 'menu_name', '菜单名称', NULL, 'string', NULL, 'NO', 4),(331, 2, 'menu_type', '菜单类型', NULL, 'dic', 'menuType', 'NO', 5),(336, 4, 'id', '主键', NULL, 'long', NULL, 'YES', 1),(337, 4, 'parent_id', '字典id', NULL, 'long', NULL, 'YES', 2),(338, 4, 'label', '字典标签', NULL, 'string', NULL, 'NO', 3),(339, 4, 'value', '字典值', NULL, 'string', NULL, 'NO', 4);
UNLOCK TABLES;
COMMIT;
BEGIN;
LOCK TABLES `jqp`.`sys_menu` WRITE;
DELETE FROM `jqp`.`sys_menu`;
INSERT INTO `jqp`.`sys_menu` (`id`,`parent_id`,`menu_code`,`menu_name`,`menu_type`) VALUES (1, NULL, '01', '菜单01', '1'),(2, NULL, '02', '菜单02', NULL),(3, 1, '0101', '菜单0101', '2'),(4, 1, '0102', '菜单0102', NULL),(5, 2, '0201', '菜单0201', NULL),(6, 3, '010101', '菜单010101', '1');
UNLOCK TABLES;
COMMIT;
BEGIN;
LOCK TABLES `jqp`.`test` WRITE;
DELETE FROM `jqp`.`test`;
INSERT INTO `jqp`.`test` (`id`,`name`,`code`,`create_time`) VALUES (1, '阿萨德', '012345', '2021-12-17 00:00:00'),(2, '方法', '第三方', '2021-11-10 17:05:33'),(3, '123', 'dsfgsgd', '2021-12-08 00:00:00'),(6, '123', '123', '2021-12-24 00:00:00'),(7, '123', '123', '2021-12-15 00:00:00'),(8, '123', '123', '2021-12-23 00:00:00'),(9, '123', '12323', '2021-12-22 00:00:00'),(10, '123', '123', '2021-12-30 00:00:00'),(11, '12321', '213213', '2021-12-24 00:00:00'),(12, '123123', '123123', '2021-12-31 00:00:00'),(13, '123123', '123123', '2021-12-31 00:00:00'),(14, '阿萨德', '安抚', '2021-12-17 17:05:25'),(15, '方法', '第三方', '2021-11-10 17:05:33'),(16, '123', 'dsfgsgd', '2021-12-08 00:00:00'),(17, '123', '123', '2021-12-24 00:00:00'),(18, '123', '123', '2021-12-15 00:00:00'),(19, '123', '123', '2021-12-23 00:00:00'),(20, '123', '12323', '2021-12-22 00:00:00'),(21, '123', '123', '2021-12-30 00:00:00'),(22, '12321', '213213', '2021-12-24 00:00:00'),(23, '123123', '123123', '2021-12-31 00:00:00'),(24, '123123', '123123', '2021-12-31 00:00:00'),(25, '阿萨德', '安抚', '2021-12-17 17:05:25'),(26, '方法', '第三方', '2021-11-10 17:05:33'),(27, '123', 'dsfgsgd', '2021-12-08 00:00:00'),(28, '123', '123', '2021-12-24 00:00:00'),(29, '123', '123', '2021-12-15 00:00:00'),(30, '123', '123', '2021-12-23 00:00:00'),(31, '123', '12323', '2021-12-22 00:00:00'),(32, '123', '123', '2021-12-30 00:00:00'),(33, '12321', '213213', '2021-12-24 00:00:00'),(34, '123123', '123123', '2021-12-31 00:00:00'),(35, '123123', '123123', '2021-12-31 00:00:00'),(36, '阿萨德', '安抚', '2021-12-17 17:05:25'),(37, '方法', '第三方', '2021-11-10 17:05:33'),(38, '123', 'dsfgsgd', '2021-12-08 00:00:00'),(39, '123', '123', '2021-12-24 00:00:00'),(40, '123', '123', '2021-12-15 00:00:00'),(41, '123', '123', '2021-12-23 00:00:00'),(42, '123', '12323', '2021-12-22 00:00:00'),(43, '123', '123', '2021-12-30 00:00:00'),(44, '12321', '213213', '2021-12-24 00:00:00'),(45, '123123', '123123', '2021-12-31 00:00:00'),(46, '123123', '123123', '2021-12-31 00:00:00'),(47, '阿萨德', '安抚', '2021-12-17 17:05:25'),(48, '方法', '第三方', '2021-11-10 17:05:33'),(49, '123', 'dsfgsgd', '2021-12-08 00:00:00'),(50, '123', '123', '2021-12-24 00:00:00'),(51, '123', '123', '2021-12-15 00:00:00'),(52, '123', '123', '2021-12-23 00:00:00'),(53, '123', '12323', '2021-12-22 00:00:00'),(54, '123', '123', '2021-12-30 00:00:00'),(55, '12321', '213213', '2021-12-24 00:00:00'),(56, '123123', '123123', '2021-12-31 00:00:00'),(57, '123123', '123123', '2021-12-31 00:00:00'),(58, '阿萨德', '安抚', '2021-12-17 17:05:25'),(59, '方法', '第三方', '2021-11-10 17:05:33'),(60, '123', 'dsfgsgd', '2021-12-08 00:00:00'),(61, '123', '123', '2021-12-24 00:00:00'),(62, '123', '123', '2021-12-15 00:00:00'),(63, '123', '123', '2021-12-23 00:00:00'),(64, '123', '12323', '2021-12-22 00:00:00'),(65, '123', '123', '2021-12-30 00:00:00'),(66, '12321', '213213', '2021-12-24 00:00:00'),(67, '123123', '123123', '2021-12-31 00:00:00'),(68, '123123', '123123', '2021-12-31 00:00:00'),(69, '阿萨德', '安抚', '2021-12-17 17:05:25'),(70, '方法', '第三方', '2021-11-10 17:05:33'),(71, '123', 'dsfgsgd', '2021-12-08 00:00:00'),(72, '123', '123', '2021-12-24 00:00:00'),(73, '123', '123', '2021-12-15 00:00:00'),(74, '123', '123', '2021-12-23 00:00:00'),(75, '123', '12323', '2021-12-22 00:00:00'),(76, '123', '123', '2021-12-30 00:00:00'),(77, '12321', '213213', '2021-12-24 00:00:00'),(78, '123123', '123123', '2021-12-31 00:00:00'),(79, '123123', '123123', '2021-12-31 00:00:00'),(80, '阿萨德', '安抚', '2021-12-17 17:05:25'),(81, '方法', '第三方', '2021-11-10 17:05:33'),(82, '123', 'dsfgsgd', '2021-12-08 00:00:00'),(83, '123', '123', '2021-12-24 00:00:00'),(84, '123', '123', '2021-12-15 00:00:00'),(85, '123', '123', '2021-12-23 00:00:00'),(86, '123', '12323', '2021-12-22 00:00:00'),(87, '123', '123', '2021-12-30 00:00:00'),(88, '12321', '213213', '2021-12-24 00:00:00'),(89, '123123', '123123', '2021-12-31 00:00:00'),(90, '123123', '123123', '2021-12-31 00:00:00'),(91, '阿萨德', '安抚', '2021-12-17 17:05:25'),(92, '方法', '第三方', '2021-11-10 17:05:33'),(93, '123', 'dsfgsgd', '2021-12-08 00:00:00'),(94, '123', '123', '2021-12-24 00:00:00'),(95, '123', '123', '2021-12-15 00:00:00'),(96, '123', '123', '2021-12-23 00:00:00'),(97, '123', '12323', '2021-12-22 00:00:00'),(98, '123', '123', '2021-12-30 00:00:00'),(99, '12321', '213213', '2021-12-24 00:00:00'),(100, '123123', '123123', '2021-12-31 00:00:00'),(101, '123123', '123123', '2021-12-31 00:00:00'),(102, '阿萨德', '安抚', '2021-12-17 17:05:25'),(103, '方法', '第三方', '2021-11-10 17:05:33'),(104, '123', 'dsfgsgd', '2021-12-08 00:00:00'),(105, '123', '123', '2021-12-24 00:00:00'),(106, '123', '123', '2021-12-15 00:00:00'),(107, '123', '123', '2021-12-23 00:00:00'),(108, '123', '12323', '2021-12-22 00:00:00'),(109, '123', '123', '2021-12-30 00:00:00'),(110, '12321', '213213', '2021-12-24 00:00:00'),(111, '123123', '123123', '2021-12-31 00:00:00'),(112, '123123', '123123', '2021-12-31 00:00:00'),(113, '阿萨德', '安抚', '2021-12-17 17:05:25'),(114, '方法', '第三方', '2021-11-10 17:05:33'),(115, '123', 'dsfgsgd', '2021-12-08 00:00:00'),(116, '123', '123', '2021-12-24 00:00:00'),(117, '123', '123', '2021-12-15 00:00:00'),(118, '123', '123', '2021-12-23 00:00:00'),(119, '123', '12323', '2021-12-22 00:00:00'),(120, '123', '123', '2021-12-30 00:00:00'),(121, '12321', '213213', '2021-12-24 00:00:00'),(122, '123123', '123123', '2021-12-31 00:00:00'),(123, '123123', '123123', '2021-12-31 00:00:00'),(124, '阿萨德', '安抚', '2021-12-17 17:05:25'),(125, '方法', '第三方', '2021-11-10 17:05:33'),(126, '123', 'dsfgsgd', '2021-12-08 00:00:00'),(127, '123', '123', '2021-12-24 00:00:00'),(128, '123', '123', '2021-12-15 00:00:00'),(129, '123', '123', '2021-12-23 00:00:00'),(130, '123', '12323', '2021-12-22 00:00:00'),(131, '123', '123', '2021-12-30 00:00:00'),(132, '12321', '213213', '2021-12-24 00:00:00'),(133, '123123', '123123', '2021-12-31 00:00:00'),(134, '123123', '123123', '2021-12-31 00:00:00'),(135, '阿萨德', '安抚', '2021-12-17 17:05:25'),(136, '方法', '第三方', '2021-11-10 17:05:33'),(137, '123', 'dsfgsgd', '2021-12-08 00:00:00'),(138, '123', '123', '2021-12-24 00:00:00'),(139, '123', '123', '2021-12-15 00:00:00'),(140, '123', '123', '2021-12-23 00:00:00'),(141, '123', '12323', '2021-12-22 00:00:00'),(142, '123', '123', '2021-12-30 00:00:00'),(143, '12321', '213213', '2021-12-24 00:00:00'),(144, '123123', '123123', '2021-12-31 00:00:00'),(145, '123123', '123123', '2021-12-31 00:00:00'),(146, '阿萨德', '安抚', '2021-12-17 17:05:25'),(147, '方法', '第三方', '2021-11-10 17:05:33'),(148, '123', 'dsfgsgd', '2021-12-08 00:00:00'),(149, '123', '123', '2021-12-24 00:00:00'),(150, '123', '123', '2021-12-15 00:00:00'),(151, '123', '123', '2021-12-23 00:00:00'),(152, '123', '12323', '2021-12-22 00:00:00'),(153, '123', '123', '2021-12-30 00:00:00'),(154, '12321', '213213', '2021-12-24 00:00:00'),(155, '123123', '123123', '2021-12-31 00:00:00'),(156, '123123', '123123', '2021-12-31 00:00:00'),(157, '阿萨德', '安抚', '2021-12-17 17:05:25'),(158, '方法', '第三方', '2021-11-10 17:05:33'),(159, '123', 'dsfgsgd', '2021-12-08 00:00:00'),(160, '123', '123', '2021-12-24 00:00:00'),(161, '123', '123', '2021-12-15 00:00:00'),(162, '123', '123', '2021-12-23 00:00:00'),(163, '123', '12323', '2021-12-22 00:00:00'),(164, '123', '123', '2021-12-30 00:00:00'),(165, '12321', '213213', '2021-12-24 00:00:00'),(166, '123123', '123123', '2021-12-31 00:00:00'),(167, '123123', '123123', '2021-12-31 00:00:00'),(168, '阿萨德', '安抚', '2021-12-17 17:05:25'),(169, '方法', '第三方', '2021-11-10 17:05:33'),(170, '123', 'dsfgsgd', '2021-12-08 00:00:00'),(171, '123', '123', '2021-12-24 00:00:00'),(172, '123', '123', '2021-12-15 00:00:00'),(173, '123', '123', '2021-12-23 00:00:00'),(174, '123', '12323', '2021-12-22 00:00:00'),(175, '123', '123', '2021-12-30 00:00:00'),(176, '12321', '213213', '2021-12-24 00:00:00'),(177, '123123', '123123', '2021-12-31 00:00:00'),(178, '123123', '123123', '2021-12-31 00:00:00'),(179, '阿萨德', '安抚', '2021-12-17 17:05:25'),(180, '方法', '第三方', '2021-11-10 17:05:33'),(181, '123', 'dsfgsgd', '2021-12-08 00:00:00'),(182, '123', '123', '2021-12-24 00:00:00'),(183, '123', '123', '2021-12-15 00:00:00'),(184, '123', '123', '2021-12-23 00:00:00'),(185, '123', '12323', '2021-12-22 00:00:00'),(186, '123', '123', '2021-12-30 00:00:00'),(187, '12321', '213213', '2021-12-24 00:00:00'),(188, '123123', '123123', '2021-12-31 00:00:00'),(189, '123123', '123123', '2021-12-31 00:00:00'),(190, '阿萨德', '安抚', '2021-12-17 17:05:25'),(191, '方法', '第三方', '2021-11-10 17:05:33'),(192, '123', 'dsfgsgd', '2021-12-08 00:00:00'),(193, '123', '123', '2021-12-24 00:00:00'),(194, '123', '123', '2021-12-15 00:00:00'),(195, '123', '123', '2021-12-23 00:00:00'),(196, '123', '12323', '2021-12-22 00:00:00'),(197, '123', '123', '2021-12-30 00:00:00'),(198, '12321', '213213', '2021-12-24 00:00:00'),(199, '123123', '123123', '2021-12-31 00:00:00'),(200, '123123', '123123', '2021-12-31 00:00:00'),(201, '阿萨德', '安抚', '2021-12-17 17:05:25'),(202, '方法', '第三方', '2021-11-10 17:05:33'),(203, '123', 'dsfgsgd', '2021-12-08 00:00:00'),(204, '123', '123', '2021-12-24 00:00:00'),(205, '123', '123', '2021-12-15 00:00:00'),(206, '123', '123', '2021-12-23 00:00:00'),(207, '123', '12323', '2021-12-22 00:00:00'),(208, '123', '123', '2021-12-30 00:00:00'),(209, '12321', '213213', '2021-12-24 00:00:00'),(210, '123123', '123123', '2021-12-31 00:00:00'),(211, '123123', '123123', '2021-12-31 00:00:00'),(212, '阿萨德', '安抚', '2021-12-17 17:05:25'),(213, '方法', '第三方', '2021-11-10 17:05:33'),(214, '123', 'dsfgsgd', '2021-12-08 00:00:00'),(215, '123', '123', '2021-12-24 00:00:00'),(216, '123', '123', '2021-12-15 00:00:00'),(217, '123', '123', '2021-12-23 00:00:00'),(218, '123', '12323', '2021-12-22 00:00:00'),(219, '123', '123', '2021-12-30 00:00:00'),(220, '12321', '213213', '2021-12-24 00:00:00'),(221, '123123', '123123', '2021-12-31 00:00:00'),(222, '123123', '123123', '2021-12-31 00:00:00'),(223, '阿萨德', '安抚', '2021-12-17 17:05:25'),(224, '方法', '第三方', '2021-11-10 17:05:33'),(225, '123', 'dsfgsgd', '2021-12-08 00:00:00'),(226, '123', '123', '2021-12-24 00:00:00'),(227, '123', '123', '2021-12-15 00:00:00'),(228, '123', '123', '2021-12-23 00:00:00'),(229, '123', '12323', '2021-12-22 00:00:00'),(230, '123', '123', '2021-12-30 00:00:00'),(231, '12321', '213213', '2021-12-24 00:00:00'),(232, '123123', '123123', '2021-12-31 00:00:00'),(233, '123123', '123123', '2021-12-31 00:00:00'),(234, '阿萨德', '安抚', '2021-12-17 17:05:25'),(235, '方法', '第三方', '2021-11-10 17:05:33'),(236, '123', 'dsfgsgd', '2021-12-08 00:00:00'),(237, '123', '123', '2021-12-24 00:00:00'),(238, '123', '123', '2021-12-15 00:00:00'),(239, '123', '123', '2021-12-23 00:00:00'),(240, '123', '12323', '2021-12-22 00:00:00'),(241, '123', '123', '2021-12-30 00:00:00'),(242, '12321', '213213', '2021-12-24 00:00:00'),(243, '123123', '123123', '2021-12-31 00:00:00'),(244, '123123', '123123', '2021-12-31 00:00:00'),(245, '阿萨德', '安抚', '2021-12-17 17:05:25'),(246, '方法', '第三方', '2021-11-10 17:05:33'),(247, '123', 'dsfgsgd', '2021-12-08 00:00:00'),(248, '123', '123', '2021-12-24 00:00:00'),(249, '123', '123', '2021-12-15 00:00:00'),(250, '123', '123', '2021-12-23 00:00:00'),(251, '123', '12323', '2021-12-22 00:00:00'),(252, '123', '123', '2021-12-30 00:00:00'),(253, '12321', '213213', '2021-12-24 00:00:00'),(254, '123123', '123123', '2021-12-31 00:00:00'),(255, '123123', '123123', '2021-12-31 00:00:00'),(256, '阿萨德', '安抚', '2021-12-17 17:05:25'),(257, '方法', '第三方', '2021-11-10 17:05:33'),(258, '123', 'dsfgsgd', '2021-12-08 00:00:00'),(259, '123', '123', '2021-12-24 00:00:00'),(260, '123', '123', '2021-12-15 00:00:00'),(261, '123', '123', '2021-12-23 00:00:00'),(262, '123', '12323', '2021-12-22 00:00:00'),(263, '123', '123', '2021-12-30 00:00:00'),(264, '12321', '213213', '2021-12-24 00:00:00'),(265, '123123', '123123', '2021-12-31 00:00:00'),(266, '123123', '123123', '2021-12-31 00:00:00'),(267, '阿萨德', '安抚', '2021-12-17 17:05:25'),(268, '方法', '第三方', '2021-11-10 17:05:33'),(269, '123', 'dsfgsgd', '2021-12-08 00:00:00'),(270, '123', '123', '2021-12-24 00:00:00'),(271, '123', '123', '2021-12-15 00:00:00'),(272, '123', '123', '2021-12-23 00:00:00'),(273, '123', '12323', '2021-12-22 00:00:00'),(274, '123', '123', '2021-12-30 00:00:00'),(275, '12321', '213213', '2021-12-24 00:00:00'),(276, '123123', '123123', '2021-12-31 00:00:00'),(277, '123123', '123123', '2021-12-31 00:00:00'),(278, '阿萨德', '安抚', '2021-12-17 17:05:25'),(279, '方法', '第三方', '2021-11-10 17:05:33'),(280, '123', 'dsfgsgd', '2021-12-08 00:00:00'),(281, '123', '123', '2021-12-24 00:00:00'),(282, '123', '123', '2021-12-15 00:00:00'),(283, '123', '123', '2021-12-23 00:00:00'),(284, '123', '12323', '2021-12-22 00:00:00'),(285, '123', '123', '2021-12-30 00:00:00'),(286, '12321', '213213', '2021-12-24 00:00:00'),(287, '123123', '123123', '2021-12-31 00:00:00'),(288, '123123', '123123', '2021-12-31 00:00:00'),(289, '阿萨德', '安抚', '2021-12-17 17:05:25'),(290, '方法', '第三方', '2021-11-10 17:05:33'),(291, '123', 'dsfgsgd', '2021-12-08 00:00:00'),(292, '123', '123', '2021-12-24 00:00:00'),(293, '123', '123', '2021-12-15 00:00:00'),(294, '123', '123', '2021-12-23 00:00:00'),(295, '123', '12323', '2021-12-22 00:00:00'),(296, '123', '123', '2021-12-30 00:00:00'),(297, '12321', '213213', '2021-12-24 00:00:00'),(298, '123123', '123123', '2021-12-31 00:00:00'),(299, '123123', '123123', '2021-12-31 00:00:00'),(300, '阿萨德', '安抚', '2021-12-17 17:05:25'),(301, '方法', '第三方', '2021-11-10 17:05:33'),(302, '123', 'dsfgsgd', '2021-12-08 00:00:00'),(303, '123', '123', '2021-12-24 00:00:00'),(304, '123', '123', '2021-12-15 00:00:00'),(305, '123', '123', '2021-12-23 00:00:00'),(306, '123', '12323', '2021-12-22 00:00:00'),(307, '123', '123', '2021-12-30 00:00:00'),(308, '12321', '213213', '2021-12-24 00:00:00'),(309, '123123', '123123', '2021-12-31 00:00:00'),(310, '123123', '123123', '2021-12-31 00:00:00'),(311, '阿萨德', '安抚', '2021-12-17 17:05:25'),(312, '方法', '第三方', '2021-11-10 17:05:33'),(313, '123', 'dsfgsgd', '2021-12-08 00:00:00'),(314, '123', '123', '2021-12-24 00:00:00'),(315, '123', '123', '2021-12-15 00:00:00'),(316, '123', '123', '2021-12-23 00:00:00'),(317, '123', '12323', '2021-12-22 00:00:00'),(318, '123', '123', '2021-12-30 00:00:00'),(319, '12321', '213213', '2021-12-24 00:00:00'),(320, '123123', '123123', '2021-12-31 00:00:00'),(321, '123123', '123123', '2021-12-31 00:00:00'),(322, '阿萨德', '安抚', '2021-12-17 17:05:25'),(323, '方法', '第三方', '2021-11-10 17:05:33'),(324, '123', 'dsfgsgd', '2021-12-08 00:00:00'),(325, '123', '123', '2021-12-24 00:00:00'),(326, '123', '123', '2021-12-15 00:00:00'),(327, '123', '123', '2021-12-23 00:00:00'),(328, '123', '12323', '2021-12-22 00:00:00'),(329, '123', '123', '2021-12-30 00:00:00'),(330, '12321', '213213', '2021-12-24 00:00:00'),(331, '123123', '123123', '2021-12-31 00:00:00'),(332, '123123', '123123', '2021-12-31 00:00:00'),(333, '阿萨德', '安抚', '2021-12-17 17:05:25'),(334, '方法', '第三方', '2021-11-10 17:05:33'),(335, '123', 'dsfgsgd', '2021-12-08 00:00:00'),(336, '123', '123', '2021-12-24 00:00:00'),(337, '123', '123', '2021-12-15 00:00:00'),(338, '123', '123', '2021-12-23 00:00:00'),(339, '123', '12323', '2021-12-22 00:00:00'),(340, '123', '123', '2021-12-30 00:00:00'),(341, '12321', '213213', '2021-12-24 00:00:00'),(342, '123123', '123123', '2021-12-31 00:00:00'),(343, '123123', '123123', '2021-12-31 00:00:00'),(344, '阿萨德', '安抚', '2021-12-17 17:05:25'),(345, '方法', '第三方', '2021-11-10 17:05:33'),(346, '123', 'dsfgsgd', '2021-12-08 00:00:00'),(347, '123', '123', '2021-12-24 00:00:00'),(348, '123', '123', '2021-12-15 00:00:00'),(349, '123', '123', '2021-12-23 00:00:00'),(350, '123', '12323', '2021-12-22 00:00:00'),(351, '123', '123', '2021-12-30 00:00:00'),(352, '12321', '213213', '2021-12-24 00:00:00'),(353, '123123', '123123', '2021-12-31 00:00:00'),(354, '123123', '123123', '2021-12-31 00:00:00'),(355, '阿萨德', '安抚', '2021-12-17 17:05:25'),(356, '方法', '第三方', '2021-11-10 17:05:33'),(357, '123', 'dsfgsgd', '2021-12-08 00:00:00'),(358, '123', '123', '2021-12-24 00:00:00'),(359, '123', '123', '2021-12-15 00:00:00'),(360, '123', '123', '2021-12-23 00:00:00'),(361, '123', '12323', '2021-12-22 00:00:00'),(362, '123', '123', '2021-12-30 00:00:00'),(363, '12321', '213213', '2021-12-24 00:00:00'),(364, '123123', '123123', '2021-12-31 00:00:00'),(365, '123123', '123123', '2021-12-31 00:00:00'),(366, '阿萨德', '安抚', '2021-12-17 17:05:25'),(367, '方法', '第三方', '2021-11-10 17:05:33'),(368, '123', 'dsfgsgd', '2021-12-08 00:00:00'),(369, '123', '123', '2021-12-24 00:00:00'),(370, '123', '123', '2021-12-15 00:00:00'),(371, '123', '123', '2021-12-23 00:00:00'),(372, '123', '12323', '2021-12-22 00:00:00'),(373, '123', '123', '2021-12-30 00:00:00'),(374, '12321', '213213', '2021-12-24 00:00:00'),(375, '123123', '123123', '2021-12-31 00:00:00'),(376, '123123', '123123', '2021-12-31 00:00:00'),(377, '阿萨德', '安抚', '2021-12-17 17:05:25'),(378, '方法', '第三方', '2021-11-10 17:05:33'),(379, '123', 'dsfgsgd', '2021-12-08 00:00:00'),(380, '123', '123', '2021-12-24 00:00:00'),(381, '123', '123', '2021-12-15 00:00:00'),(382, '123', '123', '2021-12-23 00:00:00'),(383, '123', '12323', '2021-12-22 00:00:00'),(384, '123', '123', '2021-12-30 00:00:00'),(385, '12321', '213213', '2021-12-24 00:00:00'),(386, '123123', '123123', '2021-12-31 00:00:00'),(387, '123123', '123123', '2021-12-31 00:00:00'),(388, '阿萨德', '安抚', '2021-12-17 17:05:25'),(389, '方法', '第三方', '2021-11-10 17:05:33'),(390, '123', 'dsfgsgd', '2021-12-08 00:00:00'),(391, '123', '123', '2021-12-24 00:00:00'),(392, '123', '123', '2021-12-15 00:00:00'),(393, '123', '123', '2021-12-23 00:00:00'),(394, '123', '12323', '2021-12-22 00:00:00'),(395, '123', '123', '2021-12-30 00:00:00'),(396, '12321', '213213', '2021-12-24 00:00:00'),(397, '123123', '123123', '2021-12-31 00:00:00'),(398, '123123', '123123', '2021-12-31 00:00:00'),(399, '阿萨德', '安抚', '2021-12-17 17:05:25'),(400, '方法', '第三方', '2021-11-10 17:05:33'),(401, '123', 'dsfgsgd', '2021-12-08 00:00:00'),(402, '123', '123', '2021-12-24 00:00:00'),(403, '123', '123', '2021-12-15 00:00:00'),(404, '123', '123', '2021-12-23 00:00:00'),(405, '123', '12323', '2021-12-22 00:00:00'),(406, '123', '123', '2021-12-30 00:00:00'),(407, '12321', '213213', '2021-12-24 00:00:00'),(408, '123123', '123123', '2021-12-31 00:00:00'),(409, '123123', '123123', '2021-12-31 00:00:00'),(410, '阿萨德', '安抚', '2021-12-17 17:05:25'),(411, '方法', '第三方', '2021-11-10 17:05:33'),(412, '123', 'dsfgsgd', '2021-12-08 00:00:00'),(413, '123', '123', '2021-12-24 00:00:00'),(414, '123', '123', '2021-12-15 00:00:00'),(415, '123', '123', '2021-12-23 00:00:00'),(416, '123', '12323', '2021-12-22 00:00:00'),(417, '123', '123', '2021-12-30 00:00:00'),(418, '12321', '213213', '2021-12-24 00:00:00'),(419, '123123', '123123', '2021-12-31 00:00:00'),(420, '123123', '123123', '2021-12-31 00:00:00'),(421, '阿萨德', '安抚', '2021-12-17 17:05:25'),(422, '方法', '第三方', '2021-11-10 17:05:33'),(423, '123', 'dsfgsgd', '2021-12-08 00:00:00'),(424, '123', '123', '2021-12-24 00:00:00'),(425, '123', '123', '2021-12-15 00:00:00'),(426, '123', '123', '2021-12-23 00:00:00'),(427, '123', '12323', '2021-12-22 00:00:00'),(428, '123', '123', '2021-12-30 00:00:00'),(429, '12321', '213213', '2021-12-24 00:00:00'),(430, '123123', '123123', '2021-12-31 00:00:00'),(431, '123123', '123123', '2021-12-31 00:00:00'),(432, '阿萨德', '安抚', '2021-12-17 17:05:25'),(433, '方法', '第三方', '2021-11-10 17:05:33'),(434, '123', 'dsfgsgd', '2021-12-08 00:00:00'),(435, '123', '123', '2021-12-24 00:00:00'),(436, '123', '123', '2021-12-15 00:00:00'),(437, '123', '123', '2021-12-23 00:00:00'),(438, '123', '12323', '2021-12-22 00:00:00'),(439, '123', '123', '2021-12-30 00:00:00'),(440, '12321', '213213', '2021-12-24 00:00:00'),(441, '123123', '123123', '2021-12-31 00:00:00'),(442, '123123', '123123', '2021-12-31 00:00:00'),(443, '阿萨德', '安抚', '2021-12-17 17:05:25'),(444, '方法', '第三方', '2021-11-10 17:05:33'),(445, '123', 'dsfgsgd', '2021-12-08 00:00:00'),(446, '123', '123', '2021-12-24 00:00:00'),(447, '123', '123', '2021-12-15 00:00:00'),(448, '123', '123', '2021-12-23 00:00:00'),(449, '123', '12323', '2021-12-22 00:00:00'),(450, '123', '123', '2021-12-30 00:00:00'),(451, '12321', '213213', '2021-12-24 00:00:00'),(452, '123123', '123123', '2021-12-31 00:00:00'),(453, '123123', '123123', '2021-12-31 00:00:00'),(454, '阿萨德', '安抚', '2021-12-17 17:05:25'),(455, '方法', '第三方', '2021-11-10 17:05:33'),(456, '123', 'dsfgsgd', '2021-12-08 00:00:00'),(457, '123', '123', '2021-12-24 00:00:00'),(458, '123', '123', '2021-12-15 00:00:00'),(459, '123', '123', '2021-12-23 00:00:00'),(460, '123', '12323', '2021-12-22 00:00:00'),(461, '123', '123', '2021-12-30 00:00:00'),(462, '12321', '213213', '2021-12-24 00:00:00'),(463, '123123', '123123', '2021-12-31 00:00:00'),(464, '123123', '123123', '2021-12-31 00:00:00'),(465, '阿萨德', '安抚', '2021-12-17 17:05:25'),(466, '方法', '第三方', '2021-11-10 17:05:33'),(467, '123', 'dsfgsgd', '2021-12-08 00:00:00'),(468, '123', '123', '2021-12-24 00:00:00'),(469, '123', '123', '2021-12-15 00:00:00'),(470, '123', '123', '2021-12-23 00:00:00'),(471, '123', '12323', '2021-12-22 00:00:00'),(472, '123', '123', '2021-12-30 00:00:00'),(473, '12321', '213213', '2021-12-24 00:00:00'),(474, '123123', '123123', '2021-12-31 00:00:00'),(475, '123123', '123123', '2021-12-31 00:00:00'),(476, '阿萨德', '安抚', '2021-12-17 17:05:25'),(477, '方法', '第三方', '2021-11-10 17:05:33'),(478, '123', 'dsfgsgd', '2021-12-08 00:00:00'),(479, '123', '123', '2021-12-24 00:00:00'),(480, '123', '123', '2021-12-15 00:00:00'),(481, '123', '123', '2021-12-23 00:00:00'),(482, '123', '12323', '2021-12-22 00:00:00'),(483, '123', '123', '2021-12-30 00:00:00'),(484, '12321', '213213', '2021-12-24 00:00:00'),(485, '123123', '123123', '2021-12-31 00:00:00'),(486, '123123', '123123', '2021-12-31 00:00:00'),(487, '阿萨德', '安抚', '2021-12-17 17:05:25'),(488, '方法', '第三方', '2021-11-10 17:05:33'),(489, '123', 'dsfgsgd', '2021-12-08 00:00:00'),(490, '123', '123', '2021-12-24 00:00:00'),(491, '123', '123', '2021-12-15 00:00:00'),(492, '123', '123', '2021-12-23 00:00:00'),(493, '123', '12323', '2021-12-22 00:00:00'),(494, '123', '123', '2021-12-30 00:00:00'),(495, '12321', '213213', '2021-12-24 00:00:00'),(496, '123123', '123123', '2021-12-31 00:00:00'),(497, '123123', '123123', '2021-12-31 00:00:00'),(498, '阿萨德', '安抚', '2021-12-17 17:05:25'),(499, '方法', '第三方', '2021-11-10 17:05:33'),(500, '123', 'dsfgsgd', '2021-12-08 00:00:00'),(501, '123', '123', '2021-12-24 00:00:00'),(502, '123', '123', '2021-12-15 00:00:00'),(503, '123', '123', '2021-12-23 00:00:00'),(504, '123', '12323', '2021-12-22 00:00:00'),(505, '123', '123', '2021-12-30 00:00:00'),(506, '12321', '213213', '2021-12-24 00:00:00'),(507, '123123', '123123', '2021-12-31 00:00:00'),(508, '123123', '123123', '2021-12-31 00:00:00'),(509, '阿萨德', '安抚', '2021-12-17 17:05:25'),(510, '方法', '第三方', '2021-11-10 17:05:33'),(511, '123', 'dsfgsgd', '2021-12-08 00:00:00'),(512, '123', '123', '2021-12-24 00:00:00'),(513, '123', '123', '2021-12-15 00:00:00'),(514, '123', '123', '2021-12-23 00:00:00'),(515, '123', '12323', '2021-12-22 00:00:00'),(516, '123', '123', '2021-12-30 00:00:00'),(517, '12321', '213213', '2021-12-24 00:00:00'),(518, '123123', '123123', '2021-12-31 00:00:00'),(519, '123123', '123123', '2021-12-31 00:00:00'),(520, '阿萨德', '安抚', '2021-12-17 17:05:25'),(521, '方法', '第三方', '2021-11-10 17:05:33'),(522, '123', 'dsfgsgd', '2021-12-08 00:00:00'),(523, '123', '123', '2021-12-24 00:00:00'),(524, '123', '123', '2021-12-15 00:00:00'),(525, '123', '123', '2021-12-23 00:00:00'),(526, '123', '12323', '2021-12-22 00:00:00'),(527, '123', '123', '2021-12-30 00:00:00'),(528, '12321', '213213', '2021-12-24 00:00:00'),(529, '123123', '123123', '2021-12-31 00:00:00'),(530, '123123', '123123', '2021-12-31 00:00:00'),(531, '阿萨德', '安抚', '2021-12-17 17:05:25'),(532, '方法', '第三方', '2021-11-10 17:05:33'),(533, '123', 'dsfgsgd', '2021-12-08 00:00:00'),(534, '123', '123', '2021-12-24 00:00:00'),(535, '123', '123', '2021-12-15 00:00:00'),(536, '123', '123', '2021-12-23 00:00:00'),(537, '123', '12323', '2021-12-22 00:00:00'),(538, '123', '123', '2021-12-30 00:00:00'),(539, '12321', '213213', '2021-12-24 00:00:00'),(540, '123123', '123123', '2021-12-31 00:00:00'),(541, '123123', '123123', '2021-12-31 00:00:00'),(542, '阿萨德', '安抚', '2021-12-17 17:05:25'),(543, '方法', '第三方', '2021-11-10 17:05:33'),(544, '123', 'dsfgsgd', '2021-12-08 00:00:00'),(545, '123', '123', '2021-12-24 00:00:00'),(546, '123', '123', '2021-12-15 00:00:00'),(547, '123', '123', '2021-12-23 00:00:00'),(548, '123', '12323', '2021-12-22 00:00:00'),(549, '123', '123', '2021-12-30 00:00:00'),(550, '12321', '213213', '2021-12-24 00:00:00'),(551, '123123', '123123', '2021-12-31 00:00:00'),(552, '123123', '123123', '2021-12-31 00:00:00'),(553, '阿萨德', '安抚', '2021-12-17 17:05:25'),(554, '方法', '第三方', '2021-11-10 17:05:33'),(555, '123', 'dsfgsgd', '2021-12-08 00:00:00'),(556, '123', '123', '2021-12-24 00:00:00'),(557, '123', '123', '2021-12-15 00:00:00'),(558, '123', '123', '2021-12-23 00:00:00'),(559, '123', '12323', '2021-12-22 00:00:00'),(560, '123', '123', '2021-12-30 00:00:00'),(561, '12321', '213213', '2021-12-24 00:00:00'),(562, '123123', '123123', '2021-12-31 00:00:00'),(563, '123123', '123123', '2021-12-31 00:00:00'),(564, '阿萨德', '安抚', '2021-12-17 17:05:25'),(565, '方法', '第三方', '2021-11-10 17:05:33'),(566, '123', 'dsfgsgd', '2021-12-08 00:00:00'),(567, '123', '123', '2021-12-24 00:00:00'),(568, '123', '123', '2021-12-15 00:00:00'),(569, '123', '123', '2021-12-23 00:00:00'),(570, '123', '12323', '2021-12-22 00:00:00'),(571, '123', '123', '2021-12-30 00:00:00'),(572, '12321', '213213', '2021-12-24 00:00:00'),(573, '123123', '123123', '2021-12-31 00:00:00'),(574, '123123', '123123', '2021-12-31 00:00:00'),(575, '阿萨德', '安抚', '2021-12-17 17:05:25'),(576, '方法', '第三方', '2021-11-10 17:05:33'),(577, '123', 'dsfgsgd', '2021-12-08 00:00:00'),(578, '123', '123', '2021-12-24 00:00:00'),(579, '123', '123', '2021-12-15 00:00:00'),(580, '123', '123', '2021-12-23 00:00:00'),(581, '123', '12323', '2021-12-22 00:00:00'),(582, '123', '123', '2021-12-30 00:00:00'),(583, '12321', '213213', '2021-12-24 00:00:00'),(584, '123123', '123123', '2021-12-31 00:00:00'),(585, '123123', '123123', '2021-12-31 00:00:00'),(586, '阿萨德', '安抚', '2021-12-17 17:05:25'),(587, '方法', '第三方', '2021-11-10 17:05:33'),(588, '123', 'dsfgsgd', '2021-12-08 00:00:00'),(589, '123', '123', '2021-12-24 00:00:00'),(590, '123', '123', '2021-12-15 00:00:00'),(591, '123', '123', '2021-12-23 00:00:00'),(592, '123', '12323', '2021-12-22 00:00:00'),(593, '123', '123', '2021-12-30 00:00:00'),(594, '12321', '213213', '2021-12-24 00:00:00'),(595, '123123', '123123', '2021-12-31 00:00:00'),(596, '123123', '123123', '2021-12-31 00:00:00'),(597, '阿萨德', '安抚', '2021-12-17 17:05:25'),(598, '方法', '第三方', '2021-11-10 17:05:33'),(599, '123', 'dsfgsgd', '2021-12-08 00:00:00'),(600, '123', '123', '2021-12-24 00:00:00'),(601, '123', '123', '2021-12-15 00:00:00'),(602, '123', '123', '2021-12-23 00:00:00'),(603, '123', '12323', '2021-12-22 00:00:00'),(604, '123', '123', '2021-12-30 00:00:00'),(605, '12321', '213213', '2021-12-24 00:00:00'),(606, '123123', '123123', '2021-12-31 00:00:00'),(607, '123123', '123123', '2021-12-31 00:00:00'),(608, '阿萨德', '安抚', '2021-12-17 17:05:25'),(609, '方法', '第三方', '2021-11-10 17:05:33'),(610, '123', 'dsfgsgd', '2021-12-08 00:00:00'),(611, '123', '123', '2021-12-24 00:00:00'),(612, '123', '123', '2021-12-15 00:00:00'),(613, '123', '123', '2021-12-23 00:00:00'),(614, '123', '12323', '2021-12-22 00:00:00'),(615, '123', '123', '2021-12-30 00:00:00'),(616, '12321', '213213', '2021-12-24 00:00:00'),(617, '123123', '123123', '2021-12-31 00:00:00'),(618, '123123', '123123', '2021-12-31 00:00:00'),(619, '阿萨德', '安抚', '2021-12-17 17:05:25'),(620, '方法', '第三方', '2021-11-10 17:05:33'),(621, '123', 'dsfgsgd', '2021-12-08 00:00:00'),(622, '123', '123', '2021-12-24 00:00:00'),(623, '123', '123', '2021-12-15 00:00:00'),(624, '123', '123', '2021-12-23 00:00:00'),(625, '123', '12323', '2021-12-22 00:00:00'),(626, '123', '123', '2021-12-30 00:00:00'),(627, '12321', '213213', '2021-12-24 00:00:00'),(628, '123123', '123123', '2021-12-31 00:00:00'),(629, '123123', '123123', '2021-12-31 00:00:00'),(630, '阿萨德', '安抚', '2021-12-17 17:05:25'),(631, '方法', '第三方', '2021-11-10 17:05:33'),(632, '123', 'dsfgsgd', '2021-12-08 00:00:00'),(633, '123', '123', '2021-12-24 00:00:00'),(634, '123', '123', '2021-12-15 00:00:00'),(635, '123', '123', '2021-12-23 00:00:00'),(636, '123', '12323', '2021-12-22 00:00:00'),(637, '123', '123', '2021-12-30 00:00:00'),(638, '12321', '213213', '2021-12-24 00:00:00'),(639, '123123', '123123', '2021-12-31 00:00:00'),(640, '123123', '123123', '2021-12-31 00:00:00'),(641, '阿萨德', '安抚', '2021-12-17 17:05:25'),(642, '方法', '第三方', '2021-11-10 17:05:33'),(643, '123', 'dsfgsgd', '2021-12-08 00:00:00'),(644, '123', '123', '2021-12-24 00:00:00'),(645, '123', '123', '2021-12-15 00:00:00'),(646, '123', '123', '2021-12-23 00:00:00'),(647, '123', '12323', '2021-12-22 00:00:00'),(648, '123', '123', '2021-12-30 00:00:00'),(649, '12321', '213213', '2021-12-24 00:00:00'),(650, '123123', '123123', '2021-12-31 00:00:00'),(651, '123123', '123123', '2021-12-31 00:00:00'),(652, '阿萨德', '安抚', '2021-12-17 17:05:25'),(653, '方法', '第三方', '2021-11-10 17:05:33'),(654, '123', 'dsfgsgd', '2021-12-08 00:00:00'),(655, '123', '123', '2021-12-24 00:00:00'),(656, '123', '123', '2021-12-15 00:00:00'),(657, '123', '123', '2021-12-23 00:00:00'),(658, '123', '12323', '2021-12-22 00:00:00'),(659, '123', '123', '2021-12-30 00:00:00'),(660, '12321', '213213', '2021-12-24 00:00:00'),(661, '123123', '123123', '2021-12-31 00:00:00'),(662, '123123', '123123', '2021-12-31 00:00:00'),(663, '阿萨德', '安抚', '2021-12-17 17:05:25'),(664, '方法', '第三方', '2021-11-10 17:05:33'),(665, '123', 'dsfgsgd', '2021-12-08 00:00:00'),(666, '123', '123', '2021-12-24 00:00:00'),(667, '123', '123', '2021-12-15 00:00:00'),(668, '123', '123', '2021-12-23 00:00:00'),(669, '123', '12323', '2021-12-22 00:00:00'),(670, '123', '123', '2021-12-30 00:00:00'),(671, '12321', '213213', '2021-12-24 00:00:00'),(672, '123123', '123123', '2021-12-31 00:00:00'),(673, '123123', '123123', '2021-12-31 00:00:00'),(674, '阿萨德', '安抚', '2021-12-17 17:05:25'),(675, '方法', '第三方', '2021-11-10 17:05:33'),(676, '123', 'dsfgsgd', '2021-12-08 00:00:00'),(677, '123', '123', '2021-12-24 00:00:00'),(678, '123', '123', '2021-12-15 00:00:00'),(679, '123', '123', '2021-12-23 00:00:00'),(680, '123', '12323', '2021-12-22 00:00:00'),(681, '123', '123', '2021-12-30 00:00:00'),(682, '12321', '213213', '2021-12-24 00:00:00'),(683, '123123', '123123', '2021-12-31 00:00:00'),(684, '123123', '123123', '2021-12-31 00:00:00'),(685, '阿萨德', '安抚', '2021-12-17 17:05:25'),(686, '方法', '第三方', '2021-11-10 17:05:33'),(687, '123', 'dsfgsgd', '2021-12-08 00:00:00'),(688, '123', '123', '2021-12-24 00:00:00'),(689, '123', '123', '2021-12-15 00:00:00'),(690, '123', '123', '2021-12-23 00:00:00'),(691, '123', '12323', '2021-12-22 00:00:00'),(692, '123', '123', '2021-12-30 00:00:00'),(693, '12321', '213213', '2021-12-24 00:00:00'),(694, '123123', '123123', '2021-12-31 00:00:00'),(695, '123123', '123123', '2021-12-31 00:00:00'),(696, '阿萨德', '安抚', '2021-12-17 17:05:25'),(697, '方法', '第三方', '2021-11-10 17:05:33'),(698, '123', 'dsfgsgd', '2021-12-08 00:00:00'),(699, '123', '123', '2021-12-24 00:00:00'),(700, '123', '123', '2021-12-15 00:00:00'),(701, '123', '123', '2021-12-23 00:00:00'),(702, '123', '12323', '2021-12-22 00:00:00'),(703, '123', '123', '2021-12-30 00:00:00'),(704, '12321', '213213', '2021-12-24 00:00:00'),(705, '123123', '123123', '2021-12-31 00:00:00'),(706, '123123', '123123', '2021-12-31 00:00:00'),(707, '阿萨德', '安抚', '2021-12-17 17:05:25'),(708, '方法', '第三方', '2021-11-10 17:05:33'),(709, '123', 'dsfgsgd', '2021-12-08 00:00:00'),(710, '123', '123', '2021-12-24 00:00:00'),(711, '123', '123', '2021-12-15 00:00:00'),(712, '123', '123', '2021-12-23 00:00:00'),(713, '123', '12323', '2021-12-22 00:00:00'),(714, '123', '123', '2021-12-30 00:00:00'),(715, '12321', '213213', '2021-12-24 00:00:00'),(716, '123123', '123123', '2021-12-31 00:00:00'),(717, '123123', '123123', '2021-12-31 00:00:00'),(718, '阿萨德', '安抚', '2021-12-17 17:05:25'),(719, '方法', '第三方', '2021-11-10 17:05:33'),(720, '123', 'dsfgsgd', '2021-12-08 00:00:00'),(721, '123', '123', '2021-12-24 00:00:00'),(722, '123', '123', '2021-12-15 00:00:00'),(723, '123', '123', '2021-12-23 00:00:00'),(724, '123', '12323', '2021-12-22 00:00:00'),(725, '123', '123', '2021-12-30 00:00:00'),(726, '12321', '213213', '2021-12-24 00:00:00'),(727, '123123', '123123', '2021-12-31 00:00:00'),(728, '123123', '123123', '2021-12-31 00:00:00'),(729, '阿萨德', '安抚', '2021-12-17 17:05:25'),(730, '方法', '第三方', '2021-11-10 17:05:33'),(731, '123', 'dsfgsgd', '2021-12-08 00:00:00'),(732, '123', '123', '2021-12-24 00:00:00'),(733, '123', '123', '2021-12-15 00:00:00'),(734, '123', '123', '2021-12-23 00:00:00'),(735, '123', '12323', '2021-12-22 00:00:00'),(736, '123', '123', '2021-12-30 00:00:00'),(737, '12321', '213213', '2021-12-24 00:00:00'),(738, '123123', '123123', '2021-12-31 00:00:00'),(739, '123123', '123123', '2021-12-31 00:00:00'),(740, '阿萨德', '安抚', '2021-12-17 17:05:25'),(741, '方法', '第三方', '2021-11-10 17:05:33'),(742, '123', 'dsfgsgd', '2021-12-08 00:00:00'),(743, '123', '123', '2021-12-24 00:00:00'),(744, '123', '123', '2021-12-15 00:00:00'),(745, '123', '123', '2021-12-23 00:00:00'),(746, '123', '12323', '2021-12-22 00:00:00'),(747, '123', '123', '2021-12-30 00:00:00'),(748, '12321', '213213', '2021-12-24 00:00:00'),(749, '123123', '123123', '2021-12-31 00:00:00'),(750, '123123', '123123', '2021-12-31 00:00:00'),(751, '阿萨德', '安抚', '2021-12-17 17:05:25'),(752, '方法', '第三方', '2021-11-10 17:05:33'),(753, '123', 'dsfgsgd', '2021-12-08 00:00:00'),(754, '123', '123', '2021-12-24 00:00:00'),(755, '123', '123', '2021-12-15 00:00:00'),(756, '123', '123', '2021-12-23 00:00:00'),(757, '123', '12323', '2021-12-22 00:00:00'),(758, '123', '123', '2021-12-30 00:00:00'),(759, '12321', '213213', '2021-12-24 00:00:00'),(760, '123123', '123123', '2021-12-31 00:00:00'),(761, '123123', '123123', '2021-12-31 00:00:00'),(762, '阿萨德', '安抚', '2021-12-17 17:05:25'),(763, '方法', '第三方', '2021-11-10 17:05:33'),(764, '123', 'dsfgsgd', '2021-12-08 00:00:00'),(765, '123', '123', '2021-12-24 00:00:00'),(766, '123', '123', '2021-12-15 00:00:00'),(767, '123', '123', '2021-12-23 00:00:00'),(768, '123', '12323', '2021-12-22 00:00:00'),(769, '123', '123', '2021-12-30 00:00:00'),(770, '12321', '213213', '2021-12-24 00:00:00'),(771, '123123', '123123', '2021-12-31 00:00:00'),(772, '123123', '123123', '2021-12-31 00:00:00'),(773, '阿萨德', '安抚', '2021-12-17 17:05:25'),(774, '方法', '第三方', '2021-11-10 17:05:33'),(775, '123', 'dsfgsgd', '2021-12-08 00:00:00'),(776, '123', '123', '2021-12-24 00:00:00'),(777, '123', '123', '2021-12-15 00:00:00'),(778, '123', '123', '2021-12-23 00:00:00'),(779, '123', '12323', '2021-12-22 00:00:00'),(780, '123', '123', '2021-12-30 00:00:00'),(781, '12321', '213213', '2021-12-24 00:00:00'),(782, '123123', '123123', '2021-12-31 00:00:00'),(783, '123123', '123123', '2021-12-31 00:00:00'),(784, '阿萨德', '安抚', '2021-12-17 17:05:25'),(785, '方法', '第三方', '2021-11-10 17:05:33'),(786, '123', 'dsfgsgd', '2021-12-08 00:00:00'),(787, '123', '123', '2021-12-24 00:00:00'),(788, '123', '123', '2021-12-15 00:00:00'),(789, '123', '123', '2021-12-23 00:00:00'),(790, '123', '12323', '2021-12-22 00:00:00'),(791, '123', '123', '2021-12-30 00:00:00'),(792, '12321', '213213', '2021-12-24 00:00:00'),(793, '123123', '123123', '2021-12-31 00:00:00'),(794, '123123', '123123', '2021-12-31 00:00:00'),(795, '阿萨德', '安抚', '2021-12-17 17:05:25'),(796, '方法', '第三方', '2021-11-10 17:05:33'),(797, '123', 'dsfgsgd', '2021-12-08 00:00:00'),(798, '123', '123', '2021-12-24 00:00:00'),(799, '123', '123', '2021-12-15 00:00:00'),(800, '123', '123', '2021-12-23 00:00:00'),(801, '123', '12323', '2021-12-22 00:00:00'),(802, '123', '123', '2021-12-30 00:00:00'),(803, '12321', '213213', '2021-12-24 00:00:00'),(804, '123123', '123123', '2021-12-31 00:00:00'),(805, '123123', '123123', '2021-12-31 00:00:00'),(806, '阿萨德', '安抚', '2021-12-17 17:05:25'),(807, '方法', '第三方', '2021-11-10 17:05:33'),(808, '123', 'dsfgsgd', '2021-12-08 00:00:00'),(809, '123', '123', '2021-12-24 00:00:00'),(810, '123', '123', '2021-12-15 00:00:00'),(811, '123', '123', '2021-12-23 00:00:00'),(812, '123', '12323', '2021-12-22 00:00:00'),(813, '123', '123', '2021-12-30 00:00:00'),(814, '12321', '213213', '2021-12-24 00:00:00'),(815, '123123', '123123', '2021-12-31 00:00:00'),(816, '123123', '123123', '2021-12-31 00:00:00'),(817, '阿萨德', '安抚', '2021-12-17 17:05:25'),(818, '方法', '第三方', '2021-11-10 17:05:33'),(819, '123', 'dsfgsgd', '2021-12-08 00:00:00'),(820, '123', '123', '2021-12-24 00:00:00'),(821, '123', '123', '2021-12-15 00:00:00'),(822, '123', '123', '2021-12-23 00:00:00'),(823, '123', '12323', '2021-12-22 00:00:00'),(824, '123', '123', '2021-12-30 00:00:00'),(825, '12321', '213213', '2021-12-24 00:00:00'),(826, '123123', '123123', '2021-12-31 00:00:00'),(827, '123123', '123123', '2021-12-31 00:00:00'),(828, '阿萨德', '安抚', '2021-12-17 17:05:25'),(829, '方法', '第三方', '2021-11-10 17:05:33'),(830, '123', 'dsfgsgd', '2021-12-08 00:00:00'),(831, '123', '123', '2021-12-24 00:00:00'),(832, '123', '123', '2021-12-15 00:00:00'),(833, '123', '123', '2021-12-23 00:00:00'),(834, '123', '12323', '2021-12-22 00:00:00'),(835, '123', '123', '2021-12-30 00:00:00'),(836, '12321', '213213', '2021-12-24 00:00:00'),(837, '123123', '123123', '2021-12-31 00:00:00'),(838, '123123', '123123', '2021-12-31 00:00:00'),(839, '阿萨德', '安抚', '2021-12-17 17:05:25'),(840, '方法', '第三方', '2021-11-10 17:05:33'),(841, '123', 'dsfgsgd', '2021-12-08 00:00:00'),(842, '123', '123', '2021-12-24 00:00:00'),(843, '123', '123', '2021-12-15 00:00:00'),(844, '123', '123', '2021-12-23 00:00:00'),(845, '123', '12323', '2021-12-22 00:00:00'),(846, '123', '123', '2021-12-30 00:00:00'),(847, '12321', '213213', '2021-12-24 00:00:00'),(848, '123123', '123123', '2021-12-31 00:00:00'),(849, '123123', '123123', '2021-12-31 00:00:00'),(850, '阿萨德', '安抚', '2021-12-17 17:05:25'),(851, '方法', '第三方', '2021-11-10 17:05:33'),(852, '123', 'dsfgsgd', '2021-12-08 00:00:00'),(853, '123', '123', '2021-12-24 00:00:00'),(854, '123', '123', '2021-12-15 00:00:00'),(855, '123', '123', '2021-12-23 00:00:00'),(856, '123', '12323', '2021-12-22 00:00:00'),(857, '123', '123', '2021-12-30 00:00:00'),(858, '12321', '213213', '2021-12-24 00:00:00'),(859, '123123', '123123', '2021-12-31 00:00:00'),(860, '123123', '123123', '2021-12-31 00:00:00'),(861, '阿萨德', '安抚', '2021-12-17 17:05:25'),(862, '方法', '第三方', '2021-11-10 17:05:33'),(863, '123', 'dsfgsgd', '2021-12-08 00:00:00'),(864, '123', '123', '2021-12-24 00:00:00'),(865, '123', '123', '2021-12-15 00:00:00'),(866, '123', '123', '2021-12-23 00:00:00'),(867, '123', '12323', '2021-12-22 00:00:00'),(868, '123', '123', '2021-12-30 00:00:00'),(869, '12321', '213213', '2021-12-24 00:00:00'),(870, '123123', '123123', '2021-12-31 00:00:00'),(871, '123123', '123123', '2021-12-31 00:00:00'),(872, '阿萨德', '安抚', '2021-12-17 17:05:25'),(873, '方法', '第三方', '2021-11-10 17:05:33'),(874, '123', 'dsfgsgd', '2021-12-08 00:00:00'),(875, '123', '123', '2021-12-24 00:00:00'),(876, '123', '123', '2021-12-15 00:00:00'),(877, '123', '123', '2021-12-23 00:00:00'),(878, '123', '12323', '2021-12-22 00:00:00'),(879, '123', '123', '2021-12-30 00:00:00'),(880, '12321', '213213', '2021-12-24 00:00:00'),(881, '123123', '123123', '2021-12-31 00:00:00'),(882, '123123', '123123', '2021-12-31 00:00:00'),(883, '阿萨德', '安抚', '2021-12-17 17:05:25'),(884, '方法', '第三方', '2021-11-10 17:05:33'),(885, '123', 'dsfgsgd', '2021-12-08 00:00:00'),(886, '123', '123', '2021-12-24 00:00:00'),(887, '123', '123', '2021-12-15 00:00:00'),(888, '123', '123', '2021-12-23 00:00:00'),(889, '123', '12323', '2021-12-22 00:00:00'),(890, '123', '123', '2021-12-30 00:00:00'),(891, '12321', '213213', '2021-12-24 00:00:00'),(892, '123123', '123123', '2021-12-31 00:00:00'),(893, '123123', '123123', '2021-12-31 00:00:00'),(894, '阿萨德', '安抚', '2021-12-17 17:05:25'),(895, '方法', '第三方', '2021-11-10 17:05:33'),(896, '123', 'dsfgsgd', '2021-12-08 00:00:00'),(897, '123', '123', '2021-12-24 00:00:00'),(898, '123', '123', '2021-12-15 00:00:00'),(899, '123', '123', '2021-12-23 00:00:00'),(900, '123', '12323', '2021-12-22 00:00:00'),(901, '123', '123', '2021-12-30 00:00:00'),(902, '12321', '213213', '2021-12-24 00:00:00'),(903, '123123', '123123', '2021-12-31 00:00:00'),(904, '123123', '123123', '2021-12-31 00:00:00'),(905, '阿萨德', '安抚', '2021-12-17 17:05:25'),(906, '方法', '第三方', '2021-11-10 17:05:33'),(907, '123', 'dsfgsgd', '2021-12-08 00:00:00'),(908, '123', '123', '2021-12-24 00:00:00'),(909, '123', '123', '2021-12-15 00:00:00'),(910, '123', '123', '2021-12-23 00:00:00'),(911, '123', '12323', '2021-12-22 00:00:00'),(912, '123', '123', '2021-12-30 00:00:00'),(913, '12321', '213213', '2021-12-24 00:00:00'),(914, '123123', '123123', '2021-12-31 00:00:00'),(915, '123123', '123123', '2021-12-31 00:00:00'),(916, '阿萨德', '安抚', '2021-12-17 17:05:25'),(917, '方法', '第三方', '2021-11-10 17:05:33'),(918, '123', 'dsfgsgd', '2021-12-08 00:00:00'),(919, '123', '123', '2021-12-24 00:00:00'),(920, '123', '123', '2021-12-15 00:00:00'),(921, '123', '123', '2021-12-23 00:00:00'),(922, '123', '12323', '2021-12-22 00:00:00'),(923, '123', '123', '2021-12-30 00:00:00'),(924, '12321', '213213', '2021-12-24 00:00:00'),(925, '123123', '123123', '2021-12-31 00:00:00'),(926, '123123', '123123', '2021-12-31 00:00:00'),(927, '阿萨德', '安抚', '2021-12-17 17:05:25'),(928, '方法', '第三方', '2021-11-10 17:05:33'),(929, '123', 'dsfgsgd', '2021-12-08 00:00:00'),(930, '123', '123', '2021-12-24 00:00:00'),(931, '123', '123', '2021-12-15 00:00:00'),(932, '123', '123', '2021-12-23 00:00:00'),(933, '123', '12323', '2021-12-22 00:00:00'),(934, '123', '123', '2021-12-30 00:00:00'),(935, '12321', '213213', '2021-12-24 00:00:00'),(936, '123123', '123123', '2021-12-31 00:00:00'),(937, '123123', '123123', '2021-12-31 00:00:00'),(938, '阿萨德', '安抚', '2021-12-17 17:05:25'),(939, '方法', '第三方', '2021-11-10 17:05:33'),(940, '123', 'dsfgsgd', '2021-12-08 00:00:00'),(941, '123', '123', '2021-12-24 00:00:00'),(942, '123', '123', '2021-12-15 00:00:00'),(943, '123', '123', '2021-12-23 00:00:00'),(944, '123', '12323', '2021-12-22 00:00:00'),(945, '123', '123', '2021-12-30 00:00:00'),(946, '12321', '213213', '2021-12-24 00:00:00'),(947, '123123', '123123', '2021-12-31 00:00:00'),(948, '123123', '123123', '2021-12-31 00:00:00'),(949, '阿萨德', '安抚', '2021-12-17 17:05:25'),(950, '方法', '第三方', '2021-11-10 17:05:33'),(951, '123', 'dsfgsgd', '2021-12-08 00:00:00'),(952, '123', '123', '2021-12-24 00:00:00'),(953, '123', '123', '2021-12-15 00:00:00'),(954, '123', '123', '2021-12-23 00:00:00'),(955, '123', '12323', '2021-12-22 00:00:00'),(956, '123', '123', '2021-12-30 00:00:00'),(957, '12321', '213213', '2021-12-24 00:00:00'),(958, '123123', '123123', '2021-12-31 00:00:00'),(959, '123123', '123123', '2021-12-31 00:00:00'),(960, '阿萨德', '安抚', '2021-12-17 17:05:25'),(961, '方法', '第三方', '2021-11-10 17:05:33'),(962, '123', 'dsfgsgd', '2021-12-08 00:00:00'),(963, '123', '123', '2021-12-24 00:00:00'),(964, '123', '123', '2021-12-15 00:00:00'),(965, '123', '123', '2021-12-23 00:00:00'),(966, '123', '12323', '2021-12-22 00:00:00'),(967, '123', '123', '2021-12-30 00:00:00'),(968, '12321', '213213', '2021-12-24 00:00:00'),(969, '123123', '123123', '2021-12-31 00:00:00'),(970, '123123', '123123', '2021-12-31 00:00:00'),(971, '阿萨德', '安抚', '2021-12-17 17:05:25'),(972, '方法', '第三方', '2021-11-10 17:05:33'),(973, '123', 'dsfgsgd', '2021-12-08 00:00:00'),(974, '123', '123', '2021-12-24 00:00:00'),(975, '123', '123', '2021-12-15 00:00:00'),(976, '123', '123', '2021-12-23 00:00:00'),(977, '123', '12323', '2021-12-22 00:00:00'),(978, '123', '123', '2021-12-30 00:00:00'),(979, '12321', '213213', '2021-12-24 00:00:00'),(980, '123123', '123123', '2021-12-31 00:00:00'),(981, '123123', '123123', '2021-12-31 00:00:00'),(982, '阿萨德', '安抚', '2021-12-17 17:05:25'),(983, '方法', '第三方', '2021-11-10 17:05:33'),(984, '123', 'dsfgsgd', '2021-12-08 00:00:00'),(985, '123', '123', '2021-12-24 00:00:00'),(986, '123', '123', '2021-12-15 00:00:00'),(987, '123', '123', '2021-12-23 00:00:00'),(988, '123', '12323', '2021-12-22 00:00:00'),(989, '123', '123', '2021-12-30 00:00:00'),(990, '12321', '213213', '2021-12-24 00:00:00'),(991, '123123', '123123', '2021-12-31 00:00:00'),(992, '123123', '123123', '2021-12-31 00:00:00'),(993, '阿萨德', '安抚', '2021-12-17 17:05:25'),(994, '方法', '第三方', '2021-11-10 17:05:33'),(995, '123', 'dsfgsgd', '2021-12-08 00:00:00'),(996, '123', '123', '2021-12-24 00:00:00'),(997, '123', '123', '2021-12-15 00:00:00'),(998, '123', '123', '2021-12-23 00:00:00'),(999, '123', '12323', '2021-12-22 00:00:00'),(1000, '123', '123', '2021-12-30 00:00:00'),(1001, '12321', '213213', '2021-12-24 00:00:00'),(1002, '123123', '123123', '2021-12-31 00:00:00'),(1003, '123123', '123123', '2021-12-31 00:00:00'),(1004, '阿萨德', '安抚', '2021-12-17 17:05:25'),(1005, '方法', '第三方', '2021-11-10 17:05:33'),(1006, '123', 'dsfgsgd', '2021-12-08 00:00:00'),(1007, '123', '123', '2021-12-24 00:00:00'),(1008, '123', '123', '2021-12-15 00:00:00'),(1009, '123', '123', '2021-12-23 00:00:00'),(1010, '123', '12323', '2021-12-22 00:00:00'),(1011, '123', '123', '2021-12-30 00:00:00'),(1012, '12321', '213213', '2021-12-24 00:00:00'),(1013, '123123', '123123', '2021-12-31 00:00:00'),(1014, '123123', '123123', '2021-12-31 00:00:00'),(1015, '阿萨德', '安抚', '2021-12-17 17:05:25'),(1016, '方法', '第三方', '2021-11-10 17:05:33'),(1017, '123', 'dsfgsgd', '2021-12-08 00:00:00'),(1018, '123', '123', '2021-12-24 00:00:00'),(1019, '123', '123', '2021-12-15 00:00:00'),(1020, '123', '123', '2021-12-23 00:00:00'),(1021, '123', '12323', '2021-12-22 00:00:00'),(1022, '123', '123', '2021-12-30 00:00:00'),(1023, '12321', '213213', '2021-12-24 00:00:00'),(1024, '123123', '123123', '2021-12-31 00:00:00'),(1025, '123123', '123123', '2021-12-31 00:00:00'),(1026, '阿萨德', '安抚', '2021-12-17 17:05:25'),(1027, '方法', '第三方', '2021-11-10 17:05:33'),(1028, '123', 'dsfgsgd', '2021-12-08 00:00:00'),(1029, '123', '123', '2021-12-24 00:00:00'),(1030, '123', '123', '2021-12-15 00:00:00'),(1031, '123', '123', '2021-12-23 00:00:00'),(1032, '123', '12323', '2021-12-22 00:00:00'),(1033, '123', '123', '2021-12-30 00:00:00'),(1034, '12321', '213213', '2021-12-24 00:00:00'),(1035, '123123', '123123', '2021-12-31 00:00:00'),(1036, '123123', '123123', '2021-12-31 00:00:00'),(1037, '阿萨德', '安抚', '2021-12-17 17:05:25'),(1038, '方法', '第三方', '2021-11-10 17:05:33'),(1039, '123', 'dsfgsgd', '2021-12-08 00:00:00'),(1040, '123', '123', '2021-12-24 00:00:00'),(1041, '123', '123', '2021-12-15 00:00:00'),(1042, '123', '123', '2021-12-23 00:00:00'),(1043, '123', '12323', '2021-12-22 00:00:00'),(1044, '123', '123', '2021-12-30 00:00:00'),(1045, '12321', '213213', '2021-12-24 00:00:00'),(1046, '123123', '123123', '2021-12-31 00:00:00'),(1047, '123123', '123123', '2021-12-31 00:00:00'),(1048, '阿萨德', '安抚', '2021-12-17 17:05:25'),(1049, '方法', '第三方', '2021-11-10 17:05:33'),(1050, '123', 'dsfgsgd', '2021-12-08 00:00:00'),(1051, '123', '123', '2021-12-24 00:00:00'),(1052, '123', '123', '2021-12-15 00:00:00'),(1053, '123', '123', '2021-12-23 00:00:00'),(1054, '123', '12323', '2021-12-22 00:00:00'),(1055, '123', '123', '2021-12-30 00:00:00'),(1056, '12321', '213213', '2021-12-24 00:00:00'),(1057, '123123', '123123', '2021-12-31 00:00:00'),(1058, '123123', '123123', '2021-12-31 00:00:00'),(1059, '阿萨德', '安抚', '2021-12-17 17:05:25'),(1060, '方法', '第三方', '2021-11-10 17:05:33'),(1061, '123', 'dsfgsgd', '2021-12-08 00:00:00'),(1062, '123', '123', '2021-12-24 00:00:00'),(1063, '123', '123', '2021-12-15 00:00:00'),(1064, '123', '123', '2021-12-23 00:00:00'),(1065, '123', '12323', '2021-12-22 00:00:00'),(1066, '123', '123', '2021-12-30 00:00:00'),(1067, '12321', '213213', '2021-12-24 00:00:00'),(1068, '123123', '123123', '2021-12-31 00:00:00'),(1069, '123123', '123123', '2021-12-31 00:00:00'),(1070, '阿萨德', '安抚', '2021-12-17 17:05:25'),(1071, '方法', '第三方', '2021-11-10 17:05:33'),(1072, '123', 'dsfgsgd', '2021-12-08 00:00:00'),(1073, '123', '123', '2021-12-24 00:00:00'),(1074, '123', '123', '2021-12-15 00:00:00'),(1075, '123', '123', '2021-12-23 00:00:00'),(1076, '123', '12323', '2021-12-22 00:00:00'),(1077, '123', '123', '2021-12-30 00:00:00'),(1078, '12321', '213213', '2021-12-24 00:00:00'),(1079, '123123', '123123', '2021-12-31 00:00:00'),(1080, '123123', '123123', '2021-12-31 00:00:00'),(1081, '阿萨德', '安抚', '2021-12-17 17:05:25'),(1082, '方法', '第三方', '2021-11-10 17:05:33'),(1083, '123', 'dsfgsgd', '2021-12-08 00:00:00'),(1084, '123', '123', '2021-12-24 00:00:00'),(1085, '123', '123', '2021-12-15 00:00:00'),(1086, '123', '123', '2021-12-23 00:00:00'),(1087, '123', '12323', '2021-12-22 00:00:00'),(1088, '123', '123', '2021-12-30 00:00:00'),(1089, '12321', '213213', '2021-12-24 00:00:00'),(1090, '123123', '123123', '2021-12-31 00:00:00'),(1091, '123123', '123123', '2021-12-31 00:00:00'),(1092, '阿萨德', '安抚', '2021-12-17 17:05:25'),(1093, '方法', '第三方', '2021-11-10 17:05:33'),(1094, '123', 'dsfgsgd', '2021-12-08 00:00:00'),(1095, '123', '123', '2021-12-24 00:00:00'),(1096, '123', '123', '2021-12-15 00:00:00'),(1097, '123', '123', '2021-12-23 00:00:00'),(1098, '123', '12323', '2021-12-22 00:00:00'),(1099, '123', '123', '2021-12-30 00:00:00'),(1100, '12321', '213213', '2021-12-24 00:00:00'),(1101, '123123', '123123', '2021-12-31 00:00:00'),(1102, '123123', '123123', '2021-12-31 00:00:00'),(1103, '阿萨德', '安抚', '2021-12-17 17:05:25'),(1104, '方法', '第三方', '2021-11-10 17:05:33'),(1105, '123', 'dsfgsgd', '2021-12-08 00:00:00'),(1106, '123', '123', '2021-12-24 00:00:00'),(1107, '123', '123', '2021-12-15 00:00:00'),(1108, '123', '123', '2021-12-23 00:00:00'),(1109, '123', '12323', '2021-12-22 00:00:00'),(1110, '123', '123', '2021-12-30 00:00:00'),(1111, '12321', '213213', '2021-12-24 00:00:00'),(1112, '123123', '123123', '2021-12-31 00:00:00'),(1113, '123123', '123123', '2021-12-31 00:00:00'),(1114, '阿萨德', '安抚', '2021-12-17 17:05:25'),(1115, '方法', '第三方', '2021-11-10 17:05:33'),(1116, '123', 'dsfgsgd', '2021-12-08 00:00:00'),(1117, '123', '123', '2021-12-24 00:00:00'),(1118, '123', '123', '2021-12-15 00:00:00'),(1119, '123', '123', '2021-12-23 00:00:00'),(1120, '123', '12323', '2021-12-22 00:00:00'),(1121, '123', '123', '2021-12-30 00:00:00'),(1122, '12321', '213213', '2021-12-24 00:00:00'),(1123, '123123', '123123', '2021-12-31 00:00:00'),(1124, '123123', '123123', '2021-12-31 00:00:00'),(1125, '阿萨德', '安抚', '2021-12-17 17:05:25'),(1126, '方法', '第三方', '2021-11-10 17:05:33'),(1127, '123', 'dsfgsgd', '2021-12-08 00:00:00'),(1128, '123', '123', '2021-12-24 00:00:00'),(1129, '123', '123', '2021-12-15 00:00:00'),(1130, '123', '123', '2021-12-23 00:00:00'),(1131, '123', '12323', '2021-12-22 00:00:00'),(1132, '123', '123', '2021-12-30 00:00:00'),(1133, '12321', '213213', '2021-12-24 00:00:00'),(1134, '123123', '123123', '2021-12-31 00:00:00'),(1135, '123123', '123123', '2021-12-31 00:00:00'),(1136, '阿萨德', '安抚', '2021-12-17 17:05:25'),(1137, '方法', '第三方', '2021-11-10 17:05:33'),(1138, '123', 'dsfgsgd', '2021-12-08 00:00:00'),(1139, '123', '123', '2021-12-24 00:00:00'),(1140, '123', '123', '2021-12-15 00:00:00'),(1141, '123', '123', '2021-12-23 00:00:00'),(1142, '123', '12323', '2021-12-22 00:00:00'),(1143, '123', '123', '2021-12-30 00:00:00'),(1144, '12321', '213213', '2021-12-24 00:00:00'),(1145, '123123', '123123', '2021-12-31 00:00:00'),(1146, '123123', '123123', '2021-12-31 00:00:00'),(1147, '阿萨德', '安抚', '2021-12-17 17:05:25'),(1148, '方法', '第三方', '2021-11-10 17:05:33'),(1149, '123', 'dsfgsgd', '2021-12-08 00:00:00'),(1150, '123', '123', '2021-12-24 00:00:00'),(1151, '123', '123', '2021-12-15 00:00:00'),(1152, '123', '123', '2021-12-23 00:00:00'),(1153, '123', '12323', '2021-12-22 00:00:00'),(1154, '123', '123', '2021-12-30 00:00:00'),(1155, '12321', '213213', '2021-12-24 00:00:00'),(1156, '123123', '123123', '2021-12-31 00:00:00'),(1157, '123123', '123123', '2021-12-31 00:00:00'),(1158, '阿萨德', '安抚', '2021-12-17 17:05:25'),(1159, '方法', '第三方', '2021-11-10 17:05:33'),(1160, '123', 'dsfgsgd', '2021-12-08 00:00:00'),(1161, '123', '123', '2021-12-24 00:00:00'),(1162, '123', '123', '2021-12-15 00:00:00'),(1163, '123', '123', '2021-12-23 00:00:00'),(1164, '123', '12323', '2021-12-22 00:00:00'),(1165, '123', '123', '2021-12-30 00:00:00'),(1166, '12321', '213213', '2021-12-24 00:00:00'),(1167, '123123', '123123', '2021-12-31 00:00:00'),(1168, '123123', '123123', '2021-12-31 00:00:00'),(1169, '阿萨德', '安抚', '2021-12-17 17:05:25'),(1170, '方法', '第三方', '2021-11-10 17:05:33'),(1171, '123', 'dsfgsgd', '2021-12-08 00:00:00'),(1172, '123', '123', '2021-12-24 00:00:00'),(1173, '123', '123', '2021-12-15 00:00:00'),(1174, '123', '123', '2021-12-23 00:00:00'),(1175, '123', '12323', '2021-12-22 00:00:00'),(1176, '123', '123', '2021-12-30 00:00:00'),(1177, '12321', '213213', '2021-12-24 00:00:00'),(1178, '123123', '123123', '2021-12-31 00:00:00'),(1179, '123123', '123123', '2021-12-31 00:00:00'),(1180, '阿萨德', '安抚', '2021-12-17 17:05:25'),(1181, '方法', '第三方', '2021-11-10 17:05:33'),(1182, '123', 'dsfgsgd', '2021-12-08 00:00:00'),(1183, '123', '123', '2021-12-24 00:00:00'),(1184, '123', '123', '2021-12-15 00:00:00'),(1185, '123', '123', '2021-12-23 00:00:00'),(1186, '123', '12323', '2021-12-22 00:00:00'),(1187, '123', '123', '2021-12-30 00:00:00'),(1188, '12321', '213213', '2021-12-24 00:00:00'),(1189, '123123', '123123', '2021-12-31 00:00:00'),(1190, '123123', '123123', '2021-12-31 00:00:00'),(1191, '阿萨德', '安抚', '2021-12-17 17:05:25'),(1192, '方法', '第三方', '2021-11-10 17:05:33'),(1193, '123', 'dsfgsgd', '2021-12-08 00:00:00'),(1194, '123', '123', '2021-12-24 00:00:00'),(1195, '123', '123', '2021-12-15 00:00:00'),(1196, '123', '123', '2021-12-23 00:00:00'),(1197, '123', '12323', '2021-12-22 00:00:00'),(1198, '123', '123', '2021-12-30 00:00:00'),(1199, '12321', '213213', '2021-12-24 00:00:00'),(1200, '123123', '123123', '2021-12-31 00:00:00'),(1201, '123123', '123123', '2021-12-31 00:00:00'),(1202, '阿萨德', '安抚', '2021-12-17 17:05:25'),(1203, '方法', '第三方', '2021-11-10 17:05:33'),(1204, '123', 'dsfgsgd', '2021-12-08 00:00:00'),(1205, '123', '123', '2021-12-24 00:00:00'),(1206, '123', '123', '2021-12-15 00:00:00'),(1207, '123', '123', '2021-12-23 00:00:00'),(1208, '123', '12323', '2021-12-22 00:00:00'),(1209, '123', '123', '2021-12-30 00:00:00'),(1210, '12321', '213213', '2021-12-24 00:00:00'),(1211, '123123', '123123', '2021-12-31 00:00:00'),(1212, '123123', '123123', '2021-12-31 00:00:00'),(1213, '阿萨德', '安抚', '2021-12-17 17:05:25'),(1214, '方法', '第三方', '2021-11-10 17:05:33'),(1215, '123', 'dsfgsgd', '2021-12-08 00:00:00'),(1216, '123', '123', '2021-12-24 00:00:00'),(1217, '123', '123', '2021-12-15 00:00:00'),(1218, '123', '123', '2021-12-23 00:00:00'),(1219, '123', '12323', '2021-12-22 00:00:00'),(1220, '123', '123', '2021-12-30 00:00:00'),(1221, '12321', '213213', '2021-12-24 00:00:00'),(1222, '123123', '123123', '2021-12-31 00:00:00'),(1223, '123123', '123123', '2021-12-31 00:00:00'),(1224, '阿萨德', '安抚', '2021-12-17 17:05:25'),(1225, '方法', '第三方', '2021-11-10 17:05:33'),(1226, '123', 'dsfgsgd', '2021-12-08 00:00:00'),(1227, '123', '123', '2021-12-24 00:00:00'),(1228, '123', '123', '2021-12-15 00:00:00'),(1229, '123', '123', '2021-12-23 00:00:00'),(1230, '123', '12323', '2021-12-22 00:00:00'),(1231, '123', '123', '2021-12-30 00:00:00'),(1232, '12321', '213213', '2021-12-24 00:00:00'),(1233, '123123', '123123', '2021-12-31 00:00:00'),(1234, '123123', '123123', '2021-12-31 00:00:00'),(1235, '阿萨德', '安抚', '2021-12-17 17:05:25'),(1236, '方法', '第三方', '2021-11-10 17:05:33'),(1237, '123', 'dsfgsgd', '2021-12-08 00:00:00'),(1238, '123', '123', '2021-12-24 00:00:00'),(1239, '123', '123', '2021-12-15 00:00:00'),(1240, '123', '123', '2021-12-23 00:00:00'),(1241, '123', '12323', '2021-12-22 00:00:00'),(1242, '123', '123', '2021-12-30 00:00:00'),(1243, '12321', '213213', '2021-12-24 00:00:00'),(1244, '123123', '123123', '2021-12-31 00:00:00'),(1245, '123123', '123123', '2021-12-31 00:00:00'),(1246, '阿萨德', '安抚', '2021-12-17 17:05:25'),(1247, '方法', '第三方', '2021-11-10 17:05:33'),(1248, '123', 'dsfgsgd', '2021-12-08 00:00:00'),(1249, '123', '123', '2021-12-24 00:00:00'),(1250, '123', '123', '2021-12-15 00:00:00'),(1251, '123', '123', '2021-12-23 00:00:00'),(1252, '123', '12323', '2021-12-22 00:00:00'),(1253, '123', '123', '2021-12-30 00:00:00'),(1254, '12321', '213213', '2021-12-24 00:00:00'),(1255, '123123', '123123', '2021-12-31 00:00:00'),(1256, '123123', '123123', '2021-12-31 00:00:00'),(1257, '阿萨德', '安抚', '2021-12-17 17:05:25'),(1258, '方法', '第三方', '2021-11-10 17:05:33'),(1259, '123', 'dsfgsgd', '2021-12-08 00:00:00'),(1260, '123', '123', '2021-12-24 00:00:00'),(1261, '123', '123', '2021-12-15 00:00:00'),(1262, '123', '123', '2021-12-23 00:00:00'),(1263, '123', '12323', '2021-12-22 00:00:00'),(1264, '123', '123', '2021-12-30 00:00:00'),(1265, '12321', '213213', '2021-12-24 00:00:00'),(1266, '123123', '123123', '2021-12-31 00:00:00'),(1267, '123123', '123123', '2021-12-31 00:00:00'),(1268, '阿萨德', '安抚', '2021-12-17 17:05:25'),(1269, '方法', '第三方', '2021-11-10 17:05:33'),(1270, '123', 'dsfgsgd', '2021-12-08 00:00:00'),(1271, '123', '123', '2021-12-24 00:00:00'),(1272, '123', '123', '2021-12-15 00:00:00'),(1273, '123', '123', '2021-12-23 00:00:00'),(1274, '123', '12323', '2021-12-22 00:00:00'),(1275, '123', '123', '2021-12-30 00:00:00'),(1276, '12321', '213213', '2021-12-24 00:00:00'),(1277, '123123', '123123', '2021-12-31 00:00:00'),(1278, '123123', '123123', '2021-12-31 00:00:00'),(1279, '阿萨德', '安抚', '2021-12-17 17:05:25'),(1280, '方法', '第三方', '2021-11-10 17:05:33'),(1281, '123', 'dsfgsgd', '2021-12-08 00:00:00'),(1282, '123', '123', '2021-12-24 00:00:00'),(1283, '123', '123', '2021-12-15 00:00:00'),(1284, '123', '123', '2021-12-23 00:00:00'),(1285, '123', '12323', '2021-12-22 00:00:00'),(1286, '123', '123', '2021-12-30 00:00:00'),(1287, '12321', '213213', '2021-12-24 00:00:00'),(1288, '123123', '123123', '2021-12-31 00:00:00'),(1289, '123123', '123123', '2021-12-31 00:00:00'),(1290, '阿萨德', '安抚', '2021-12-17 17:05:25'),(1291, '方法', '第三方', '2021-11-10 17:05:33'),(1292, '123', 'dsfgsgd', '2021-12-08 00:00:00'),(1293, '123', '123', '2021-12-24 00:00:00'),(1294, '123', '123', '2021-12-15 00:00:00'),(1295, '123', '123', '2021-12-23 00:00:00'),(1296, '123', '12323', '2021-12-22 00:00:00'),(1297, '123', '123', '2021-12-30 00:00:00'),(1298, '12321', '213213', '2021-12-24 00:00:00'),(1299, '123123', '123123', '2021-12-31 00:00:00'),(1300, '123123', '123123', '2021-12-31 00:00:00'),(1301, '阿萨德', '安抚', '2021-12-17 17:05:25'),(1302, '方法', '第三方', '2021-11-10 17:05:33'),(1303, '123', 'dsfgsgd', '2021-12-08 00:00:00'),(1304, '123', '123', '2021-12-24 00:00:00'),(1305, '123', '123', '2021-12-15 00:00:00'),(1306, '123', '123', '2021-12-23 00:00:00'),(1307, '123', '12323', '2021-12-22 00:00:00'),(1308, '123', '123', '2021-12-30 00:00:00'),(1309, '12321', '213213', '2021-12-24 00:00:00'),(1310, '123123', '123123', '2021-12-31 00:00:00'),(1311, '123123', '123123', '2021-12-31 00:00:00'),(1312, '阿萨德', '安抚', '2021-12-17 17:05:25'),(1313, '方法', '第三方', '2021-11-10 17:05:33'),(1314, '123', 'dsfgsgd', '2021-12-08 00:00:00'),(1315, '123', '123', '2021-12-24 00:00:00'),(1316, '123', '123', '2021-12-15 00:00:00'),(1317, '123', '123', '2021-12-23 00:00:00'),(1318, '123', '12323', '2021-12-22 00:00:00'),(1319, '123', '123', '2021-12-30 00:00:00'),(1320, '12321', '213213', '2021-12-24 00:00:00'),(1321, '123123', '123123', '2021-12-31 00:00:00'),(1322, '123123', '123123', '2021-12-31 00:00:00'),(1323, '阿萨德', '安抚', '2021-12-17 17:05:25'),(1324, '方法', '第三方', '2021-11-10 17:05:33'),(1325, '123', 'dsfgsgd', '2021-12-08 00:00:00'),(1326, '123', '123', '2021-12-24 00:00:00'),(1327, '123', '123', '2021-12-15 00:00:00'),(1328, '123', '123', '2021-12-23 00:00:00'),(1329, '123', '12323', '2021-12-22 00:00:00'),(1330, '123', '123', '2021-12-30 00:00:00'),(1331, '12321', '213213', '2021-12-24 00:00:00'),(1332, '123123', '123123', '2021-12-31 00:00:00'),(1333, '123123', '123123', '2021-12-31 00:00:00'),(1334, '阿萨德', '安抚', '2021-12-17 17:05:25'),(1335, '方法', '第三方', '2021-11-10 17:05:33'),(1336, '123', 'dsfgsgd', '2021-12-08 00:00:00'),(1337, '123', '123', '2021-12-24 00:00:00'),(1338, '123', '123', '2021-12-15 00:00:00'),(1339, '123', '123', '2021-12-23 00:00:00'),(1340, '123', '12323', '2021-12-22 00:00:00'),(1341, '123', '123', '2021-12-30 00:00:00'),(1342, '12321', '213213', '2021-12-24 00:00:00'),(1343, '123123', '123123', '2021-12-31 00:00:00'),(1344, '123123', '123123', '2021-12-31 00:00:00'),(1345, '阿萨德', '安抚', '2021-12-17 17:05:25'),(1346, '方法', '第三方', '2021-11-10 17:05:33'),(1347, '123', 'dsfgsgd', '2021-12-08 00:00:00'),(1348, '123', '123', '2021-12-24 00:00:00'),(1349, '123', '123', '2021-12-15 00:00:00'),(1350, '123', '123', '2021-12-23 00:00:00'),(1351, '123', '12323', '2021-12-22 00:00:00'),(1352, '123', '123', '2021-12-30 00:00:00'),(1353, '12321', '213213', '2021-12-24 00:00:00'),(1354, '123123', '123123', '2021-12-31 00:00:00'),(1355, '123123', '123123', '2021-12-31 00:00:00'),(1356, '阿萨德', '安抚', '2021-12-17 17:05:25'),(1357, '方法', '第三方', '2021-11-10 17:05:33'),(1358, '123', 'dsfgsgd', '2021-12-08 00:00:00'),(1359, '123', '123', '2021-12-24 00:00:00'),(1360, '123', '123', '2021-12-15 00:00:00'),(1361, '123', '123', '2021-12-23 00:00:00'),(1362, '123', '12323', '2021-12-22 00:00:00'),(1363, '123', '123', '2021-12-30 00:00:00'),(1364, '12321', '213213', '2021-12-24 00:00:00'),(1365, '123123', '123123', '2021-12-31 00:00:00'),(1366, '123123', '123123', '2021-12-31 00:00:00'),(1367, '阿萨德', '安抚', '2021-12-17 17:05:25'),(1368, '方法', '第三方', '2021-11-10 17:05:33'),(1369, '123', 'dsfgsgd', '2021-12-08 00:00:00'),(1370, '123', '123', '2021-12-24 00:00:00'),(1371, '123', '123', '2021-12-15 00:00:00'),(1372, '123', '123', '2021-12-23 00:00:00'),(1373, '123', '12323', '2021-12-22 00:00:00'),(1374, '123', '123', '2021-12-30 00:00:00'),(1375, '12321', '213213', '2021-12-24 00:00:00'),(1376, '123123', '123123', '2021-12-31 00:00:00'),(1377, '123123', '123123', '2021-12-31 00:00:00'),(1378, '阿萨德', '安抚', '2021-12-17 17:05:25'),(1379, '方法', '第三方', '2021-11-10 17:05:33'),(1380, '123', 'dsfgsgd', '2021-12-08 00:00:00'),(1381, '123', '123', '2021-12-24 00:00:00'),(1382, '123', '123', '2021-12-15 00:00:00'),(1383, '123', '123', '2021-12-23 00:00:00'),(1384, '123', '12323', '2021-12-22 00:00:00'),(1385, '123', '123', '2021-12-30 00:00:00'),(1386, '12321', '213213', '2021-12-24 00:00:00'),(1387, '123123', '123123', '2021-12-31 00:00:00'),(1388, '123123', '123123', '2021-12-31 00:00:00'),(1389, '阿萨德', '安抚', '2021-12-17 17:05:25'),(1390, '方法', '第三方', '2021-11-10 17:05:33'),(1391, '123', 'dsfgsgd', '2021-12-08 00:00:00'),(1392, '123', '123', '2021-12-24 00:00:00'),(1393, '123', '123', '2021-12-15 00:00:00'),(1394, '123', '123', '2021-12-23 00:00:00'),(1395, '123', '12323', '2021-12-22 00:00:00'),(1396, '123', '123', '2021-12-30 00:00:00'),(1397, '12321', '213213', '2021-12-24 00:00:00'),(1398, '123123', '123123', '2021-12-31 00:00:00'),(1399, '123123', '123123', '2021-12-31 00:00:00'),(1400, '阿萨德', '安抚', '2021-12-17 17:05:25'),(1401, '方法', '第三方', '2021-11-10 17:05:33'),(1402, '123', 'dsfgsgd', '2021-12-08 00:00:00'),(1403, '123', '123', '2021-12-24 00:00:00'),(1404, '123', '123', '2021-12-15 00:00:00'),(1405, '123', '123', '2021-12-23 00:00:00'),(1406, '123', '12323', '2021-12-22 00:00:00'),(1407, '123', '123', '2021-12-30 00:00:00'),(1408, '12321', '213213', '2021-12-24 00:00:00'),(1409, '123123', '123123', '2021-12-31 00:00:00'),(1410, '123123', '123123', '2021-12-31 00:00:00'),(1411, '阿萨德', '安抚', '2021-12-17 17:05:25'),(1412, '方法', '第三方', '2021-11-10 17:05:33'),(1413, '123', 'dsfgsgd', '2021-12-08 00:00:00'),(1414, '123', '123', '2021-12-24 00:00:00'),(1415, '123', '123', '2021-12-15 00:00:00'),(1416, '123', '123', '2021-12-23 00:00:00'),(1417, '123', '12323', '2021-12-22 00:00:00'),(1418, '123', '123', '2021-12-30 00:00:00'),(1419, '12321', '213213', '2021-12-24 00:00:00'),(1420, '123123', '123123', '2021-12-31 00:00:00'),(1421, '123123', '123123', '2021-12-31 00:00:00'),(1422, '阿萨德', '安抚', '2021-12-17 17:05:25'),(1423, '方法', '第三方', '2021-11-10 17:05:33'),(1424, '123', 'dsfgsgd', '2021-12-08 00:00:00'),(1425, '123', '123', '2021-12-24 00:00:00'),(1426, '123', '123', '2021-12-15 00:00:00'),(1427, '123', '123', '2021-12-23 00:00:00'),(1428, '123', '12323', '2021-12-22 00:00:00'),(1429, '123', '123', '2021-12-30 00:00:00'),(1430, '12321', '213213', '2021-12-24 00:00:00'),(1431, '123123', '123123', '2021-12-31 00:00:00'),(1432, '123123', '123123', '2021-12-31 00:00:00'),(1433, '阿萨德', '安抚', '2021-12-17 17:05:25'),(1434, '方法', '第三方', '2021-11-10 17:05:33'),(1435, '123', 'dsfgsgd', '2021-12-08 00:00:00'),(1436, '123', '123', '2021-12-24 00:00:00'),(1437, '123', '123', '2021-12-15 00:00:00'),(1438, '123', '123', '2021-12-23 00:00:00'),(1439, '123', '12323', '2021-12-22 00:00:00'),(1440, '123', '123', '2021-12-30 00:00:00'),(1441, '12321', '213213', '2021-12-24 00:00:00'),(1442, '123123', '123123', '2021-12-31 00:00:00'),(1443, '123123', '123123', '2021-12-31 00:00:00'),(1444, '阿萨德', '安抚', '2021-12-17 17:05:25'),(1445, '方法', '第三方', '2021-11-10 17:05:33'),(1446, '123', 'dsfgsgd', '2021-12-08 00:00:00'),(1447, '123', '123', '2021-12-24 00:00:00'),(1448, '123', '123', '2021-12-15 00:00:00'),(1449, '123', '123', '2021-12-23 00:00:00'),(1450, '123', '12323', '2021-12-22 00:00:00'),(1451, '123', '123', '2021-12-30 00:00:00'),(1452, '12321', '213213', '2021-12-24 00:00:00'),(1453, '123123', '123123', '2021-12-31 00:00:00'),(1454, '123123', '123123', '2021-12-31 00:00:00'),(1455, '阿萨德', '安抚', '2021-12-17 17:05:25'),(1456, '方法', '第三方', '2021-11-10 17:05:33'),(1457, '123', 'dsfgsgd', '2021-12-08 00:00:00'),(1458, '123', '123', '2021-12-24 00:00:00'),(1459, '123', '123', '2021-12-15 00:00:00'),(1460, '123', '123', '2021-12-23 00:00:00'),(1461, '123', '12323', '2021-12-22 00:00:00'),(1462, '123', '123', '2021-12-30 00:00:00'),(1463, '12321', '213213', '2021-12-24 00:00:00'),(1464, '123123', '123123', '2021-12-31 00:00:00'),(1465, '123123', '123123', '2021-12-31 00:00:00'),(1466, '阿萨德', '安抚', '2021-12-17 17:05:25'),(1467, '方法', '第三方', '2021-11-10 17:05:33'),(1468, '123', 'dsfgsgd', '2021-12-08 00:00:00'),(1469, '123', '123', '2021-12-24 00:00:00'),(1470, '123', '123', '2021-12-15 00:00:00'),(1471, '123', '123', '2021-12-23 00:00:00'),(1472, '123', '12323', '2021-12-22 00:00:00'),(1473, '123', '123', '2021-12-30 00:00:00'),(1474, '12321', '213213', '2021-12-24 00:00:00'),(1475, '123123', '123123', '2021-12-31 00:00:00'),(1476, '123123', '123123', '2021-12-31 00:00:00'),(1477, '阿萨德', '安抚', '2021-12-17 17:05:25'),(1478, '方法', '第三方', '2021-11-10 17:05:33'),(1479, '123', 'dsfgsgd', '2021-12-08 00:00:00'),(1480, '123', '123', '2021-12-24 00:00:00'),(1481, '123', '123', '2021-12-15 00:00:00'),(1482, '123', '123', '2021-12-23 00:00:00'),(1483, '123', '12323', '2021-12-22 00:00:00'),(1484, '123', '123', '2021-12-30 00:00:00'),(1485, '12321', '213213', '2021-12-24 00:00:00'),(1486, '123123', '123123', '2021-12-31 00:00:00'),(1487, '123123', '123123', '2021-12-31 00:00:00'),(1488, '阿萨德', '安抚', '2021-12-17 17:05:25'),(1489, '方法', '第三方', '2021-11-10 17:05:33'),(1490, '123', 'dsfgsgd', '2021-12-08 00:00:00'),(1491, '123', '123', '2021-12-24 00:00:00'),(1492, '123', '123', '2021-12-15 00:00:00'),(1493, '123', '123', '2021-12-23 00:00:00'),(1494, '123', '12323', '2021-12-22 00:00:00'),(1495, '123', '123', '2021-12-30 00:00:00'),(1496, '12321', '213213', '2021-12-24 00:00:00'),(1497, '123123', '123123', '2021-12-31 00:00:00'),(1498, '123123', '123123', '2021-12-31 00:00:00'),(1499, '阿萨德', '安抚', '2021-12-17 17:05:25'),(1500, '方法', '第三方', '2021-11-10 17:05:33'),(1501, '123', 'dsfgsgd', '2021-12-08 00:00:00'),(1502, '123', '123', '2021-12-24 00:00:00'),(1503, '123', '123', '2021-12-15 00:00:00'),(1504, '123', '123', '2021-12-23 00:00:00'),(1505, '123', '12323', '2021-12-22 00:00:00'),(1506, '123', '123', '2021-12-30 00:00:00'),(1507, '12321', '213213', '2021-12-24 00:00:00'),(1508, '123123', '123123', '2021-12-31 00:00:00'),(1509, '123123', '123123', '2021-12-31 00:00:00'),(1510, '阿萨德', '安抚', '2021-12-17 17:05:25'),(1511, '方法', '第三方', '2021-11-10 17:05:33'),(1512, '123', 'dsfgsgd', '2021-12-08 00:00:00'),(1513, '123', '123', '2021-12-24 00:00:00'),(1514, '123', '123', '2021-12-15 00:00:00'),(1515, '123', '123', '2021-12-23 00:00:00'),(1516, '123', '12323', '2021-12-22 00:00:00'),(1517, '123', '123', '2021-12-30 00:00:00'),(1518, '12321', '213213', '2021-12-24 00:00:00'),(1519, '123123', '123123', '2021-12-31 00:00:00'),(1520, '123123', '123123', '2021-12-31 00:00:00'),(1521, '阿萨德', '安抚', '2021-12-17 17:05:25'),(1522, '方法', '第三方', '2021-11-10 17:05:33'),(1523, '123', 'dsfgsgd', '2021-12-08 00:00:00'),(1524, '123', '123', '2021-12-24 00:00:00'),(1525, '123', '123', '2021-12-15 00:00:00'),(1526, '123', '123', '2021-12-23 00:00:00'),(1527, '123', '12323', '2021-12-22 00:00:00'),(1528, '123', '123', '2021-12-30 00:00:00'),(1529, '12321', '213213', '2021-12-24 00:00:00'),(1530, '123123', '123123', '2021-12-31 00:00:00'),(1531, '123123', '123123', '2021-12-31 00:00:00'),(1532, '阿萨德', '安抚', '2021-12-17 17:05:25'),(1533, '方法', '第三方', '2021-11-10 17:05:33'),(1534, '123', 'dsfgsgd', '2021-12-08 00:00:00'),(1535, '123', '123', '2021-12-24 00:00:00'),(1536, '123', '123', '2021-12-15 00:00:00'),(1537, '123', '123', '2021-12-23 00:00:00'),(1538, '123', '12323', '2021-12-22 00:00:00'),(1539, '123', '123', '2021-12-30 00:00:00'),(1540, '12321', '213213', '2021-12-24 00:00:00'),(1541, '123123', '123123', '2021-12-31 00:00:00'),(1542, '123123', '123123', '2021-12-31 00:00:00'),(1543, '阿萨德', '安抚', '2021-12-17 17:05:25'),(1544, '方法', '第三方', '2021-11-10 17:05:33'),(1545, '123', 'dsfgsgd', '2021-12-08 00:00:00'),(1546, '123', '123', '2021-12-24 00:00:00'),(1547, '123', '123', '2021-12-15 00:00:00'),(1548, '123', '123', '2021-12-23 00:00:00'),(1549, '123', '12323', '2021-12-22 00:00:00'),(1550, '123', '123', '2021-12-30 00:00:00'),(1551, '12321', '213213', '2021-12-24 00:00:00'),(1552, '123123', '123123', '2021-12-31 00:00:00'),(1553, '123123', '123123', '2021-12-31 00:00:00'),(1554, '阿萨德', '安抚', '2021-12-17 17:05:25'),(1555, '方法', '第三方', '2021-11-10 17:05:33'),(1556, '123', 'dsfgsgd', '2021-12-08 00:00:00'),(1557, '123', '123', '2021-12-24 00:00:00'),(1558, '123', '123', '2021-12-15 00:00:00'),(1559, '123', '123', '2021-12-23 00:00:00'),(1560, '123', '12323', '2021-12-22 00:00:00'),(1561, '123', '123', '2021-12-30 00:00:00'),(1562, '12321', '213213', '2021-12-24 00:00:00'),(1563, '123123', '123123', '2021-12-31 00:00:00'),(1564, '123123', '123123', '2021-12-31 00:00:00'),(1565, '阿萨德', '安抚', '2021-12-17 17:05:25'),(1566, '方法', '第三方', '2021-11-10 17:05:33'),(1567, '123', 'dsfgsgd', '2021-12-08 00:00:00'),(1568, '123', '123', '2021-12-24 00:00:00'),(1569, '123', '123', '2021-12-15 00:00:00'),(1570, '123', '123', '2021-12-23 00:00:00'),(1571, '123', '12323', '2021-12-22 00:00:00'),(1572, '123', '123', '2021-12-30 00:00:00'),(1573, '12321', '213213', '2021-12-24 00:00:00'),(1574, '123123', '123123', '2021-12-31 00:00:00'),(1575, '123123', '123123', '2021-12-31 00:00:00'),(1576, '阿萨德', '安抚', '2021-12-17 17:05:25'),(1577, '方法', '第三方', '2021-11-10 17:05:33'),(1578, '123', 'dsfgsgd', '2021-12-08 00:00:00'),(1579, '123', '123', '2021-12-24 00:00:00'),(1580, '123', '123', '2021-12-15 00:00:00'),(1581, '123', '123', '2021-12-23 00:00:00'),(1582, '123', '12323', '2021-12-22 00:00:00'),(1583, '123', '123', '2021-12-30 00:00:00'),(1584, '12321', '213213', '2021-12-24 00:00:00'),(1585, '123123', '123123', '2021-12-31 00:00:00'),(1586, '123123', '123123', '2021-12-31 00:00:00'),(1587, '阿萨德', '安抚', '2021-12-17 17:05:25'),(1588, '方法', '第三方', '2021-11-10 17:05:33'),(1589, '123', 'dsfgsgd', '2021-12-08 00:00:00'),(1590, '123', '123', '2021-12-24 00:00:00'),(1591, '123', '123', '2021-12-15 00:00:00'),(1592, '123', '123', '2021-12-23 00:00:00'),(1593, '123', '12323', '2021-12-22 00:00:00'),(1594, '123', '123', '2021-12-30 00:00:00'),(1595, '12321', '213213', '2021-12-24 00:00:00'),(1596, '123123', '123123', '2021-12-31 00:00:00'),(1597, '123123', '123123', '2021-12-31 00:00:00'),(1598, '阿萨德', '安抚', '2021-12-17 17:05:25'),(1599, '方法', '第三方', '2021-11-10 17:05:33'),(1600, '123', 'dsfgsgd', '2021-12-08 00:00:00'),(1601, '123', '123', '2021-12-24 00:00:00'),(1602, '123', '123', '2021-12-15 00:00:00'),(1603, '123', '123', '2021-12-23 00:00:00'),(1604, '123', '12323', '2021-12-22 00:00:00'),(1605, '123', '123', '2021-12-30 00:00:00'),(1606, '12321', '213213', '2021-12-24 00:00:00'),(1607, '123123', '123123', '2021-12-31 00:00:00'),(1608, '123123', '123123', '2021-12-31 00:00:00'),(1609, '阿萨德', '安抚', '2021-12-17 17:05:25'),(1610, '方法', '第三方', '2021-11-10 17:05:33'),(1611, '123', 'dsfgsgd', '2021-12-08 00:00:00'),(1612, '123', '123', '2021-12-24 00:00:00'),(1613, '123', '123', '2021-12-15 00:00:00'),(1614, '123', '123', '2021-12-23 00:00:00'),(1615, '123', '12323', '2021-12-22 00:00:00'),(1616, '123', '123', '2021-12-30 00:00:00'),(1617, '12321', '213213', '2021-12-24 00:00:00'),(1618, '123123', '123123', '2021-12-31 00:00:00'),(1619, '123123', '123123', '2021-12-31 00:00:00'),(1620, '阿萨德', '安抚', '2021-12-17 17:05:25'),(1621, '方法', '第三方', '2021-11-10 17:05:33'),(1622, '123', 'dsfgsgd', '2021-12-08 00:00:00'),(1623, '123', '123', '2021-12-24 00:00:00'),(1624, '123', '123', '2021-12-15 00:00:00'),(1625, '123', '123', '2021-12-23 00:00:00'),(1626, '123', '12323', '2021-12-22 00:00:00'),(1627, '123', '123', '2021-12-30 00:00:00'),(1628, '12321', '213213', '2021-12-24 00:00:00'),(1629, '123123', '123123', '2021-12-31 00:00:00'),(1630, '123123', '123123', '2021-12-31 00:00:00'),(1631, '阿萨德', '安抚', '2021-12-17 17:05:25'),(1632, '方法', '第三方', '2021-11-10 17:05:33'),(1633, '123', 'dsfgsgd', '2021-12-08 00:00:00'),(1634, '123', '123', '2021-12-24 00:00:00'),(1635, '123', '123', '2021-12-15 00:00:00'),(1636, '123', '123', '2021-12-23 00:00:00'),(1637, '123', '12323', '2021-12-22 00:00:00'),(1638, '123', '123', '2021-12-30 00:00:00'),(1639, '12321', '213213', '2021-12-24 00:00:00'),(1640, '123123', '123123', '2021-12-31 00:00:00'),(1641, '123123', '123123', '2021-12-31 00:00:00'),(1642, '阿萨德', '安抚', '2021-12-17 17:05:25'),(1643, '方法', '第三方', '2021-11-10 17:05:33'),(1644, '123', 'dsfgsgd', '2021-12-08 00:00:00'),(1645, '123', '123', '2021-12-24 00:00:00'),(1646, '123', '123', '2021-12-15 00:00:00'),(1647, '123', '123', '2021-12-23 00:00:00'),(1648, '123', '12323', '2021-12-22 00:00:00'),(1649, '123', '123', '2021-12-30 00:00:00'),(1650, '12321', '213213', '2021-12-24 00:00:00'),(1651, '123123', '123123', '2021-12-31 00:00:00'),(1652, '123123', '123123', '2021-12-31 00:00:00'),(1653, '阿萨德', '安抚', '2021-12-17 17:05:25'),(1654, '方法', '第三方', '2021-11-10 17:05:33'),(1655, '123', 'dsfgsgd', '2021-12-08 00:00:00'),(1656, '123', '123', '2021-12-24 00:00:00'),(1657, '123', '123', '2021-12-15 00:00:00'),(1658, '123', '123', '2021-12-23 00:00:00'),(1659, '123', '12323', '2021-12-22 00:00:00'),(1660, '123', '123', '2021-12-30 00:00:00'),(1661, '12321', '213213', '2021-12-24 00:00:00'),(1662, '123123', '123123', '2021-12-31 00:00:00'),(1663, '123123', '123123', '2021-12-31 00:00:00'),(1664, '阿萨德', '安抚', '2021-12-17 17:05:25'),(1665, '方法', '第三方', '2021-11-10 17:05:33'),(1666, '123', 'dsfgsgd', '2021-12-08 00:00:00'),(1667, '123', '123', '2021-12-24 00:00:00'),(1668, '123', '123', '2021-12-15 00:00:00'),(1669, '123', '123', '2021-12-23 00:00:00'),(1670, '123', '12323', '2021-12-22 00:00:00'),(1671, '123', '123', '2021-12-30 00:00:00'),(1672, '12321', '213213', '2021-12-24 00:00:00'),(1673, '123123', '123123', '2021-12-31 00:00:00'),(1674, '123123', '123123', '2021-12-31 00:00:00'),(1675, '阿萨德', '安抚', '2021-12-17 17:05:25'),(1676, '方法', '第三方', '2021-11-10 17:05:33'),(1677, '123', 'dsfgsgd', '2021-12-08 00:00:00'),(1678, '123', '123', '2021-12-24 00:00:00'),(1679, '123', '123', '2021-12-15 00:00:00'),(1680, '123', '123', '2021-12-23 00:00:00'),(1681, '123', '12323', '2021-12-22 00:00:00'),(1682, '123', '123', '2021-12-30 00:00:00'),(1683, '12321', '213213', '2021-12-24 00:00:00'),(1684, '123123', '123123', '2021-12-31 00:00:00'),(1685, '123123', '123123', '2021-12-31 00:00:00'),(1686, '阿萨德', '安抚', '2021-12-17 17:05:25'),(1687, '方法', '第三方', '2021-11-10 17:05:33'),(1688, '123', 'dsfgsgd', '2021-12-08 00:00:00'),(1689, '123', '123', '2021-12-24 00:00:00'),(1690, '123', '123', '2021-12-15 00:00:00'),(1691, '123', '123', '2021-12-23 00:00:00'),(1692, '123', '12323', '2021-12-22 00:00:00'),(1693, '123', '123', '2021-12-30 00:00:00'),(1694, '12321', '213213', '2021-12-24 00:00:00'),(1695, '123123', '123123', '2021-12-31 00:00:00'),(1696, '123123', '123123', '2021-12-31 00:00:00'),(1697, '阿萨德', '安抚', '2021-12-17 17:05:25'),(1698, '方法', '第三方', '2021-11-10 17:05:33'),(1699, '123', 'dsfgsgd', '2021-12-08 00:00:00'),(1700, '123', '123', '2021-12-24 00:00:00'),(1701, '123', '123', '2021-12-15 00:00:00'),(1702, '123', '123', '2021-12-23 00:00:00'),(1703, '123', '12323', '2021-12-22 00:00:00'),(1704, '123', '123', '2021-12-30 00:00:00'),(1705, '12321', '213213', '2021-12-24 00:00:00'),(1706, '123123', '123123', '2021-12-31 00:00:00'),(1707, '123123', '123123', '2021-12-31 00:00:00'),(1708, '阿萨德', '安抚', '2021-12-17 17:05:25'),(1709, '方法', '第三方', '2021-11-10 17:05:33'),(1710, '123', 'dsfgsgd', '2021-12-08 00:00:00'),(1711, '123', '123', '2021-12-24 00:00:00'),(1712, '123', '123', '2021-12-15 00:00:00'),(1713, '123', '123', '2021-12-23 00:00:00'),(1714, '123', '12323', '2021-12-22 00:00:00'),(1715, '123', '123', '2021-12-30 00:00:00'),(1716, '12321', '213213', '2021-12-24 00:00:00'),(1717, '123123', '123123', '2021-12-31 00:00:00'),(1718, '123123', '123123', '2021-12-31 00:00:00'),(1719, '阿萨德', '安抚', '2021-12-17 17:05:25'),(1720, '方法', '第三方', '2021-11-10 17:05:33'),(1721, '123', 'dsfgsgd', '2021-12-08 00:00:00'),(1722, '123', '123', '2021-12-24 00:00:00'),(1723, '123', '123', '2021-12-15 00:00:00'),(1724, '123', '123', '2021-12-23 00:00:00'),(1725, '123', '12323', '2021-12-22 00:00:00'),(1726, '123', '123', '2021-12-30 00:00:00'),(1727, '12321', '213213', '2021-12-24 00:00:00'),(1728, '123123', '123123', '2021-12-31 00:00:00'),(1729, '123123', '123123', '2021-12-31 00:00:00'),(1730, '阿萨德', '安抚', '2021-12-17 17:05:25'),(1731, '方法', '第三方', '2021-11-10 17:05:33'),(1732, '123', 'dsfgsgd', '2021-12-08 00:00:00'),(1733, '123', '123', '2021-12-24 00:00:00'),(1734, '123', '123', '2021-12-15 00:00:00'),(1735, '123', '123', '2021-12-23 00:00:00'),(1736, '123', '12323', '2021-12-22 00:00:00'),(1737, '123', '123', '2021-12-30 00:00:00'),(1738, '12321', '213213', '2021-12-24 00:00:00'),(1739, '123123', '123123', '2021-12-31 00:00:00'),(1740, '123123', '123123', '2021-12-31 00:00:00'),(1741, '阿萨德', '安抚', '2021-12-17 17:05:25'),(1742, '方法', '第三方', '2021-11-10 17:05:33'),(1743, '123', 'dsfgsgd', '2021-12-08 00:00:00'),(1744, '123', '123', '2021-12-24 00:00:00'),(1745, '123', '123', '2021-12-15 00:00:00'),(1746, '123', '123', '2021-12-23 00:00:00'),(1747, '123', '12323', '2021-12-22 00:00:00'),(1748, '123', '123', '2021-12-30 00:00:00'),(1749, '12321', '213213', '2021-12-24 00:00:00'),(1750, '123123', '123123', '2021-12-31 00:00:00'),(1751, '123123', '123123', '2021-12-31 00:00:00'),(1752, '阿萨德', '安抚', '2021-12-17 17:05:25'),(1753, '方法', '第三方', '2021-11-10 17:05:33'),(1754, '123', 'dsfgsgd', '2021-12-08 00:00:00'),(1755, '123', '123', '2021-12-24 00:00:00'),(1756, '123', '123', '2021-12-15 00:00:00'),(1757, '123', '123', '2021-12-23 00:00:00'),(1758, '123', '12323', '2021-12-22 00:00:00'),(1759, '123', '123', '2021-12-30 00:00:00'),(1760, '12321', '213213', '2021-12-24 00:00:00'),(1761, '123123', '123123', '2021-12-31 00:00:00'),(1762, '123123', '123123', '2021-12-31 00:00:00'),(1763, '阿萨德', '安抚', '2021-12-17 17:05:25'),(1764, '方法', '第三方', '2021-11-10 17:05:33'),(1765, '123', 'dsfgsgd', '2021-12-08 00:00:00'),(1766, '123', '123', '2021-12-24 00:00:00'),(1767, '123', '123', '2021-12-15 00:00:00'),(1768, '123', '123', '2021-12-23 00:00:00'),(1769, '123', '12323', '2021-12-22 00:00:00'),(1770, '123', '123', '2021-12-30 00:00:00'),(1771, '12321', '213213', '2021-12-24 00:00:00'),(1772, '123123', '123123', '2021-12-31 00:00:00'),(1773, '123123', '123123', '2021-12-31 00:00:00'),(1774, '阿萨德', '安抚', '2021-12-17 17:05:25'),(1775, '方法', '第三方', '2021-11-10 17:05:33'),(1776, '123', 'dsfgsgd', '2021-12-08 00:00:00'),(1777, '123', '123', '2021-12-24 00:00:00'),(1778, '123', '123', '2021-12-15 00:00:00'),(1779, '123', '123', '2021-12-23 00:00:00'),(1780, '123', '12323', '2021-12-22 00:00:00'),(1781, '123', '123', '2021-12-30 00:00:00'),(1782, '12321', '213213', '2021-12-24 00:00:00'),(1783, '123123', '123123', '2021-12-31 00:00:00'),(1784, '123123', '123123', '2021-12-31 00:00:00'),(1785, '阿萨德', '安抚', '2021-12-17 17:05:25'),(1786, '方法', '第三方', '2021-11-10 17:05:33'),(1787, '123', 'dsfgsgd', '2021-12-08 00:00:00'),(1788, '123', '123', '2021-12-24 00:00:00'),(1789, '123', '123', '2021-12-15 00:00:00'),(1790, '123', '123', '2021-12-23 00:00:00'),(1791, '123', '12323', '2021-12-22 00:00:00'),(1792, '123', '123', '2021-12-30 00:00:00'),(1793, '12321', '213213', '2021-12-24 00:00:00'),(1794, '123123', '123123', '2021-12-31 00:00:00'),(1795, '123123', '123123', '2021-12-31 00:00:00'),(1796, '阿萨德', '安抚', '2021-12-17 17:05:25'),(1797, '方法', '第三方', '2021-11-10 17:05:33'),(1798, '123', 'dsfgsgd', '2021-12-08 00:00:00'),(1799, '123', '123', '2021-12-24 00:00:00'),(1800, '123', '123', '2021-12-15 00:00:00'),(1801, '123', '123', '2021-12-23 00:00:00'),(1802, '123', '12323', '2021-12-22 00:00:00'),(1803, '123', '123', '2021-12-30 00:00:00'),(1804, '12321', '213213', '2021-12-24 00:00:00'),(1805, '123123', '123123', '2021-12-31 00:00:00'),(1806, '123123', '123123', '2021-12-31 00:00:00'),(1807, '阿萨德', '安抚', '2021-12-17 17:05:25'),(1808, '方法', '第三方', '2021-11-10 17:05:33'),(1809, '123', 'dsfgsgd', '2021-12-08 00:00:00'),(1810, '123', '123', '2021-12-24 00:00:00'),(1811, '123', '123', '2021-12-15 00:00:00'),(1812, '123', '123', '2021-12-23 00:00:00'),(1813, '123', '12323', '2021-12-22 00:00:00'),(1814, '123', '123', '2021-12-30 00:00:00'),(1815, '12321', '213213', '2021-12-24 00:00:00'),(1816, '123123', '123123', '2021-12-31 00:00:00'),(1817, '123123', '123123', '2021-12-31 00:00:00'),(1818, '阿萨德', '安抚', '2021-12-17 17:05:25'),(1819, '方法', '第三方', '2021-11-10 17:05:33'),(1820, '123', 'dsfgsgd', '2021-12-08 00:00:00'),(1821, '123', '123', '2021-12-24 00:00:00'),(1822, '123', '123', '2021-12-15 00:00:00'),(1823, '123', '123', '2021-12-23 00:00:00'),(1824, '123', '12323', '2021-12-22 00:00:00'),(1825, '123', '123', '2021-12-30 00:00:00'),(1826, '12321', '213213', '2021-12-24 00:00:00'),(1827, '123123', '123123', '2021-12-31 00:00:00'),(1828, '123123', '123123', '2021-12-31 00:00:00'),(1829, '阿萨德', '安抚', '2021-12-17 17:05:25'),(1830, '方法', '第三方', '2021-11-10 17:05:33'),(1831, '123', 'dsfgsgd', '2021-12-08 00:00:00'),(1832, '123', '123', '2021-12-24 00:00:00'),(1833, '123', '123', '2021-12-15 00:00:00'),(1834, '123', '123', '2021-12-23 00:00:00'),(1835, '123', '12323', '2021-12-22 00:00:00'),(1836, '123', '123', '2021-12-30 00:00:00'),(1837, '12321', '213213', '2021-12-24 00:00:00'),(1838, '123123', '123123', '2021-12-31 00:00:00'),(1839, '123123', '123123', '2021-12-31 00:00:00'),(1840, '阿萨德', '安抚', '2021-12-17 17:05:25'),(1841, '方法', '第三方', '2021-11-10 17:05:33'),(1842, '123', 'dsfgsgd', '2021-12-08 00:00:00'),(1843, '123', '123', '2021-12-24 00:00:00'),(1844, '123', '123', '2021-12-15 00:00:00'),(1845, '123', '123', '2021-12-23 00:00:00'),(1846, '123', '12323', '2021-12-22 00:00:00'),(1847, '123', '123', '2021-12-30 00:00:00'),(1848, '12321', '213213', '2021-12-24 00:00:00'),(1849, '123123', '123123', '2021-12-31 00:00:00'),(1850, '123123', '123123', '2021-12-31 00:00:00'),(1851, '阿萨德', '安抚', '2021-12-17 17:05:25'),(1852, '方法', '第三方', '2021-11-10 17:05:33'),(1853, '123', 'dsfgsgd', '2021-12-08 00:00:00'),(1854, '123', '123', '2021-12-24 00:00:00'),(1855, '123', '123', '2021-12-15 00:00:00'),(1856, '123', '123', '2021-12-23 00:00:00'),(1857, '123', '12323', '2021-12-22 00:00:00'),(1858, '123', '123', '2021-12-30 00:00:00'),(1859, '12321', '213213', '2021-12-24 00:00:00'),(1860, '123123', '123123', '2021-12-31 00:00:00'),(1861, '123123', '123123', '2021-12-31 00:00:00'),(1862, '阿萨德', '安抚', '2021-12-17 17:05:25'),(1863, '方法', '第三方', '2021-11-10 17:05:33'),(1864, '123', 'dsfgsgd', '2021-12-08 00:00:00'),(1865, '123', '123', '2021-12-24 00:00:00'),(1866, '123', '123', '2021-12-15 00:00:00'),(1867, '123', '123', '2021-12-23 00:00:00'),(1868, '123', '12323', '2021-12-22 00:00:00'),(1869, '123', '123', '2021-12-30 00:00:00'),(1870, '12321', '213213', '2021-12-24 00:00:00'),(1871, '123123', '123123', '2021-12-31 00:00:00'),(1872, '123123', '123123', '2021-12-31 00:00:00'),(1873, '阿萨德', '安抚', '2021-12-17 17:05:25'),(1874, '方法', '第三方', '2021-11-10 17:05:33'),(1875, '123', 'dsfgsgd', '2021-12-08 00:00:00'),(1876, '123', '123', '2021-12-24 00:00:00'),(1877, '123', '123', '2021-12-15 00:00:00'),(1878, '123', '123', '2021-12-23 00:00:00'),(1879, '123', '12323', '2021-12-22 00:00:00'),(1880, '123', '123', '2021-12-30 00:00:00'),(1881, '12321', '213213', '2021-12-24 00:00:00'),(1882, '123123', '123123', '2021-12-31 00:00:00'),(1883, '123123', '123123', '2021-12-31 00:00:00'),(1884, '阿萨德', '安抚', '2021-12-17 17:05:25'),(1885, '方法', '第三方', '2021-11-10 17:05:33'),(1886, '123', 'dsfgsgd', '2021-12-08 00:00:00'),(1887, '123', '123', '2021-12-24 00:00:00'),(1888, '123', '123', '2021-12-15 00:00:00'),(1889, '123', '123', '2021-12-23 00:00:00'),(1890, '123', '12323', '2021-12-22 00:00:00'),(1891, '123', '123', '2021-12-30 00:00:00'),(1892, '12321', '213213', '2021-12-24 00:00:00'),(1893, '123123', '123123', '2021-12-31 00:00:00'),(1894, '123123', '123123', '2021-12-31 00:00:00'),(1895, '阿萨德', '安抚', '2021-12-17 17:05:25'),(1896, '方法', '第三方', '2021-11-10 17:05:33'),(1897, '123', 'dsfgsgd', '2021-12-08 00:00:00'),(1898, '123', '123', '2021-12-24 00:00:00'),(1899, '123', '123', '2021-12-15 00:00:00'),(1900, '123', '123', '2021-12-23 00:00:00'),(1901, '123', '12323', '2021-12-22 00:00:00'),(1902, '123', '123', '2021-12-30 00:00:00'),(1903, '12321', '213213', '2021-12-24 00:00:00'),(1904, '123123', '123123', '2021-12-31 00:00:00'),(1905, '123123', '123123', '2021-12-31 00:00:00'),(1906, '阿萨德', '安抚', '2021-12-17 17:05:25'),(1907, '方法', '第三方', '2021-11-10 17:05:33'),(1908, '123', 'dsfgsgd', '2021-12-08 00:00:00'),(1909, '123', '123', '2021-12-24 00:00:00'),(1910, '123', '123', '2021-12-15 00:00:00'),(1911, '123', '123', '2021-12-23 00:00:00'),(1912, '123', '12323', '2021-12-22 00:00:00'),(1913, '123', '123', '2021-12-30 00:00:00'),(1914, '12321', '213213', '2021-12-24 00:00:00'),(1915, '123123', '123123', '2021-12-31 00:00:00'),(1916, '123123', '123123', '2021-12-31 00:00:00'),(1917, '阿萨德', '安抚', '2021-12-17 17:05:25'),(1918, '方法', '第三方', '2021-11-10 17:05:33'),(1919, '123', 'dsfgsgd', '2021-12-08 00:00:00'),(1920, '123', '123', '2021-12-24 00:00:00'),(1921, '123', '123', '2021-12-15 00:00:00'),(1922, '123', '123', '2021-12-23 00:00:00'),(1923, '123', '12323', '2021-12-22 00:00:00'),(1924, '123', '123', '2021-12-30 00:00:00'),(1925, '12321', '213213', '2021-12-24 00:00:00'),(1926, '123123', '123123', '2021-12-31 00:00:00'),(1927, '123123', '123123', '2021-12-31 00:00:00'),(1928, '阿萨德', '安抚', '2021-12-17 17:05:25'),(1929, '方法', '第三方', '2021-11-10 17:05:33'),(1930, '123', 'dsfgsgd', '2021-12-08 00:00:00'),(1931, '123', '123', '2021-12-24 00:00:00'),(1932, '123', '123', '2021-12-15 00:00:00'),(1933, '123', '123', '2021-12-23 00:00:00'),(1934, '123', '12323', '2021-12-22 00:00:00'),(1935, '123', '123', '2021-12-30 00:00:00'),(1936, '12321', '213213', '2021-12-24 00:00:00'),(1937, '123123', '123123', '2021-12-31 00:00:00'),(1938, '123123', '123123', '2021-12-31 00:00:00'),(1939, '阿萨德', '安抚', '2021-12-17 17:05:25'),(1940, '方法', '第三方', '2021-11-10 17:05:33'),(1941, '123', 'dsfgsgd', '2021-12-08 00:00:00'),(1942, '123', '123', '2021-12-24 00:00:00'),(1943, '123', '123', '2021-12-15 00:00:00'),(1944, '123', '123', '2021-12-23 00:00:00'),(1945, '123', '12323', '2021-12-22 00:00:00'),(1946, '123', '123', '2021-12-30 00:00:00'),(1947, '12321', '213213', '2021-12-24 00:00:00'),(1948, '123123', '123123', '2021-12-31 00:00:00'),(1949, '123123', '123123', '2021-12-31 00:00:00'),(1950, '阿萨德', '安抚', '2021-12-17 17:05:25'),(1951, '方法', '第三方', '2021-11-10 17:05:33'),(1952, '123', 'dsfgsgd', '2021-12-08 00:00:00'),(1953, '123', '123', '2021-12-24 00:00:00'),(1954, '123', '123', '2021-12-15 00:00:00'),(1955, '123', '123', '2021-12-23 00:00:00'),(1956, '123', '12323', '2021-12-22 00:00:00'),(1957, '123', '123', '2021-12-30 00:00:00'),(1958, '12321', '213213', '2021-12-24 00:00:00'),(1959, '123123', '123123', '2021-12-31 00:00:00'),(1960, '123123', '123123', '2021-12-31 00:00:00'),(1961, '阿萨德', '安抚', '2021-12-17 17:05:25'),(1962, '方法', '第三方', '2021-11-10 17:05:33'),(1963, '123', 'dsfgsgd', '2021-12-08 00:00:00'),(1964, '123', '123', '2021-12-24 00:00:00'),(1965, '123', '123', '2021-12-15 00:00:00'),(1966, '123', '123', '2021-12-23 00:00:00'),(1967, '123', '12323', '2021-12-22 00:00:00'),(1968, '123', '123', '2021-12-30 00:00:00'),(1969, '12321', '213213', '2021-12-24 00:00:00'),(1970, '123123', '123123', '2021-12-31 00:00:00'),(1971, '123123', '123123', '2021-12-31 00:00:00'),(1972, '阿萨德', '安抚', '2021-12-17 17:05:25'),(1973, '方法', '第三方', '2021-11-10 17:05:33'),(1974, '123', 'dsfgsgd', '2021-12-08 00:00:00'),(1975, '123', '123', '2021-12-24 00:00:00'),(1976, '123', '123', '2021-12-15 00:00:00'),(1977, '123', '123', '2021-12-23 00:00:00'),(1978, '123', '12323', '2021-12-22 00:00:00'),(1979, '123', '123', '2021-12-30 00:00:00'),(1980, '12321', '213213', '2021-12-24 00:00:00'),(1981, '123123', '123123', '2021-12-31 00:00:00'),(1982, '123123', '123123', '2021-12-31 00:00:00'),(1983, '阿萨德', '安抚', '2021-12-17 17:05:25'),(1984, '方法', '第三方', '2021-11-10 17:05:33'),(1985, '123', 'dsfgsgd', '2021-12-08 00:00:00'),(1986, '123', '123', '2021-12-24 00:00:00'),(1987, '123', '123', '2021-12-15 00:00:00'),(1988, '123', '123', '2021-12-23 00:00:00'),(1989, '123', '12323', '2021-12-22 00:00:00'),(1990, '123', '123', '2021-12-30 00:00:00'),(1991, '12321', '213213', '2021-12-24 00:00:00'),(1992, '123123', '123123', '2021-12-31 00:00:00'),(1993, '123123', '123123', '2021-12-31 00:00:00'),(1994, '阿萨德', '安抚', '2021-12-17 17:05:25'),(1995, '方法', '第三方', '2021-11-10 17:05:33'),(1996, '123', 'dsfgsgd', '2021-12-08 00:00:00'),(1997, '123', '123', '2021-12-24 00:00:00'),(1998, '123', '123', '2021-12-15 00:00:00'),(1999, '123', '123', '2021-12-23 00:00:00'),(2000, '123', '12323', '2021-12-22 00:00:00'),(2001, '123', '123', '2021-12-30 00:00:00'),(2002, '12321', '213213', '2021-12-24 00:00:00'),(2003, '123123', '123123', '2021-12-31 00:00:00'),(2004, '123123', '123123', '2021-12-31 00:00:00'),(2005, '阿萨德', '安抚', '2021-12-17 17:05:25'),(2006, '方法', '第三方', '2021-11-10 17:05:33'),(2007, '123', 'dsfgsgd', '2021-12-08 00:00:00'),(2008, '123', '123', '2021-12-24 00:00:00'),(2009, '123', '123', '2021-12-15 00:00:00'),(2010, '123', '123', '2021-12-23 00:00:00'),(2011, '123', '12323', '2021-12-22 00:00:00'),(2012, '123', '123', '2021-12-30 00:00:00'),(2013, '12321', '213213', '2021-12-24 00:00:00'),(2014, '123123', '123123', '2021-12-31 00:00:00'),(2015, '123123', '123123', '2021-12-31 00:00:00'),(2016, '阿萨德', '安抚', '2021-12-17 17:05:25'),(2017, '方法', '第三方', '2021-11-10 17:05:33'),(2018, '123', 'dsfgsgd', '2021-12-08 00:00:00'),(2019, '123', '123', '2021-12-24 00:00:00'),(2020, '123', '123', '2021-12-15 00:00:00'),(2021, '123', '123', '2021-12-23 00:00:00'),(2022, '123', '12323', '2021-12-22 00:00:00'),(2023, '123', '123', '2021-12-30 00:00:00'),(2024, '12321', '213213', '2021-12-24 00:00:00'),(2025, '123123', '123123', '2021-12-31 00:00:00'),(2026, '123123', '123123', '2021-12-31 00:00:00'),(2027, '阿萨德', '安抚', '2021-12-17 17:05:25'),(2028, '方法', '第三方', '2021-11-10 17:05:33'),(2029, '123', 'dsfgsgd', '2021-12-08 00:00:00'),(2030, '123', '123', '2021-12-24 00:00:00'),(2031, '123', '123', '2021-12-15 00:00:00'),(2032, '123', '123', '2021-12-23 00:00:00'),(2033, '123', '12323', '2021-12-22 00:00:00'),(2034, '123', '123', '2021-12-30 00:00:00'),(2035, '12321', '213213', '2021-12-24 00:00:00'),(2036, '123123', '123123', '2021-12-31 00:00:00'),(2037, '123123', '123123', '2021-12-31 00:00:00'),(2038, '阿萨德', '安抚', '2021-12-17 17:05:25'),(2039, '方法', '第三方', '2021-11-10 17:05:33'),(2040, '123', 'dsfgsgd', '2021-12-08 00:00:00'),(2041, '123', '123', '2021-12-24 00:00:00'),(2042, '123', '123', '2021-12-15 00:00:00'),(2043, '123', '123', '2021-12-23 00:00:00'),(2044, '123', '12323', '2021-12-22 00:00:00'),(2045, '123', '123', '2021-12-30 00:00:00'),(2046, '12321', '213213', '2021-12-24 00:00:00'),(2047, '123123', '123123', '2021-12-31 00:00:00'),(2048, '123123', '123123', '2021-12-31 00:00:00'),(2049, '阿萨德', '安抚', '2021-12-17 17:05:25'),(2050, '方法', '第三方', '2021-11-10 17:05:33'),(2051, '123', 'dsfgsgd', '2021-12-08 00:00:00'),(2052, '123', '123', '2021-12-24 00:00:00'),(2053, '123', '123', '2021-12-15 00:00:00'),(2054, '123', '123', '2021-12-23 00:00:00'),(2055, '123', '12323', '2021-12-22 00:00:00'),(2056, '123', '123', '2021-12-30 00:00:00'),(2057, '12321', '213213', '2021-12-24 00:00:00'),(2058, '123123', '123123', '2021-12-31 00:00:00'),(2059, '123123', '123123', '2021-12-31 00:00:00'),(2060, '阿萨德', '安抚', '2021-12-17 17:05:25'),(2061, '方法', '第三方', '2021-11-10 17:05:33'),(2062, '123', 'dsfgsgd', '2021-12-08 00:00:00'),(2063, '123', '123', '2021-12-24 00:00:00'),(2064, '123', '123', '2021-12-15 00:00:00'),(2065, '123', '123', '2021-12-23 00:00:00'),(2066, '123', '12323', '2021-12-22 00:00:00'),(2067, '123', '123', '2021-12-30 00:00:00'),(2068, '12321', '213213', '2021-12-24 00:00:00'),(2069, '123123', '123123', '2021-12-31 00:00:00'),(2070, '123123', '123123', '2021-12-31 00:00:00'),(2071, '阿萨德', '安抚', '2021-12-17 17:05:25'),(2072, '方法', '第三方', '2021-11-10 17:05:33'),(2073, '123', 'dsfgsgd', '2021-12-08 00:00:00'),(2074, '123', '123', '2021-12-24 00:00:00'),(2075, '123', '123', '2021-12-15 00:00:00'),(2076, '123', '123', '2021-12-23 00:00:00'),(2077, '123', '12323', '2021-12-22 00:00:00'),(2078, '123', '123', '2021-12-30 00:00:00'),(2079, '12321', '213213', '2021-12-24 00:00:00'),(2080, '123123', '123123', '2021-12-31 00:00:00'),(2081, '123123', '123123', '2021-12-31 00:00:00'),(2082, '阿萨德', '安抚', '2021-12-17 17:05:25'),(2083, '方法', '第三方', '2021-11-10 17:05:33'),(2084, '123', 'dsfgsgd', '2021-12-08 00:00:00'),(2085, '123', '123', '2021-12-24 00:00:00'),(2086, '123', '123', '2021-12-15 00:00:00'),(2087, '123', '123', '2021-12-23 00:00:00'),(2088, '123', '12323', '2021-12-22 00:00:00'),(2089, '123', '123', '2021-12-30 00:00:00'),(2090, '12321', '213213', '2021-12-24 00:00:00'),(2091, '123123', '123123', '2021-12-31 00:00:00'),(2092, '123123', '123123', '2021-12-31 00:00:00'),(2093, '阿萨德', '安抚', '2021-12-17 17:05:25'),(2094, '方法', '第三方', '2021-11-10 17:05:33'),(2095, '123', 'dsfgsgd', '2021-12-08 00:00:00'),(2096, '123', '123', '2021-12-24 00:00:00'),(2097, '123', '123', '2021-12-15 00:00:00'),(2098, '123', '123', '2021-12-23 00:00:00'),(2099, '123', '12323', '2021-12-22 00:00:00'),(2100, '123', '123', '2021-12-30 00:00:00'),(2101, '12321', '213213', '2021-12-24 00:00:00'),(2102, '123123', '123123', '2021-12-31 00:00:00'),(2103, '123123', '123123', '2021-12-31 00:00:00'),(2104, '阿萨德', '安抚', '2021-12-17 17:05:25'),(2105, '方法', '第三方', '2021-11-10 17:05:33'),(2106, '123', 'dsfgsgd', '2021-12-08 00:00:00'),(2107, '123', '123', '2021-12-24 00:00:00'),(2108, '123', '123', '2021-12-15 00:00:00'),(2109, '123', '123', '2021-12-23 00:00:00'),(2110, '123', '12323', '2021-12-22 00:00:00'),(2111, '123', '123', '2021-12-30 00:00:00'),(2112, '12321', '213213', '2021-12-24 00:00:00'),(2113, '123123', '123123', '2021-12-31 00:00:00'),(2114, '123123', '123123', '2021-12-31 00:00:00'),(2115, '阿萨德', '安抚', '2021-12-17 17:05:25'),(2116, '方法', '第三方', '2021-11-10 17:05:33'),(2117, '123', 'dsfgsgd', '2021-12-08 00:00:00'),(2118, '123', '123', '2021-12-24 00:00:00'),(2119, '123', '123', '2021-12-15 00:00:00'),(2120, '123', '123', '2021-12-23 00:00:00'),(2121, '123', '12323', '2021-12-22 00:00:00'),(2122, '123', '123', '2021-12-30 00:00:00'),(2123, '12321', '213213', '2021-12-24 00:00:00'),(2124, '123123', '123123', '2021-12-31 00:00:00'),(2125, '123123', '123123', '2021-12-31 00:00:00'),(2126, '阿萨德', '安抚', '2021-12-17 17:05:25'),(2127, '方法', '第三方', '2021-11-10 17:05:33'),(2128, '123', 'dsfgsgd', '2021-12-08 00:00:00'),(2129, '123', '123', '2021-12-24 00:00:00'),(2130, '123', '123', '2021-12-15 00:00:00'),(2131, '123', '123', '2021-12-23 00:00:00'),(2132, '123', '12323', '2021-12-22 00:00:00'),(2133, '123', '123', '2021-12-30 00:00:00'),(2134, '12321', '213213', '2021-12-24 00:00:00'),(2135, '123123', '123123', '2021-12-31 00:00:00'),(2136, '123123', '123123', '2021-12-31 00:00:00'),(2137, '阿萨德', '安抚', '2021-12-17 17:05:25'),(2138, '方法', '第三方', '2021-11-10 17:05:33'),(2139, '123', 'dsfgsgd', '2021-12-08 00:00:00'),(2140, '123', '123', '2021-12-24 00:00:00'),(2141, '123', '123', '2021-12-15 00:00:00'),(2142, '123', '123', '2021-12-23 00:00:00'),(2143, '123', '12323', '2021-12-22 00:00:00'),(2144, '123', '123', '2021-12-30 00:00:00'),(2145, '12321', '213213', '2021-12-24 00:00:00'),(2146, '123123', '123123', '2021-12-31 00:00:00'),(2147, '123123', '123123', '2021-12-31 00:00:00'),(2148, '阿萨德', '安抚', '2021-12-17 17:05:25'),(2149, '方法', '第三方', '2021-11-10 17:05:33'),(2150, '123', 'dsfgsgd', '2021-12-08 00:00:00'),(2151, '123', '123', '2021-12-24 00:00:00'),(2152, '123', '123', '2021-12-15 00:00:00'),(2153, '123', '123', '2021-12-23 00:00:00'),(2154, '123', '12323', '2021-12-22 00:00:00'),(2155, '123', '123', '2021-12-30 00:00:00'),(2156, '12321', '213213', '2021-12-24 00:00:00'),(2157, '123123', '123123', '2021-12-31 00:00:00'),(2158, '123123', '123123', '2021-12-31 00:00:00'),(2159, '阿萨德', '安抚', '2021-12-17 17:05:25'),(2160, '方法', '第三方', '2021-11-10 17:05:33'),(2161, '123', 'dsfgsgd', '2021-12-08 00:00:00'),(2162, '123', '123', '2021-12-24 00:00:00'),(2163, '123', '123', '2021-12-15 00:00:00'),(2164, '123', '123', '2021-12-23 00:00:00'),(2165, '123', '12323', '2021-12-22 00:00:00'),(2166, '123', '123', '2021-12-30 00:00:00'),(2167, '12321', '213213', '2021-12-24 00:00:00'),(2168, '123123', '123123', '2021-12-31 00:00:00'),(2169, '123123', '123123', '2021-12-31 00:00:00'),(2170, '阿萨德', '安抚', '2021-12-17 17:05:25'),(2171, '方法', '第三方', '2021-11-10 17:05:33'),(2172, '123', 'dsfgsgd', '2021-12-08 00:00:00'),(2173, '123', '123', '2021-12-24 00:00:00'),(2174, '123', '123', '2021-12-15 00:00:00'),(2175, '123', '123', '2021-12-23 00:00:00'),(2176, '123', '12323', '2021-12-22 00:00:00'),(2177, '123', '123', '2021-12-30 00:00:00'),(2178, '12321', '213213', '2021-12-24 00:00:00'),(2179, '123123', '123123', '2021-12-31 00:00:00'),(2180, '123123', '123123', '2021-12-31 00:00:00'),(2181, '阿萨德', '安抚', '2021-12-17 17:05:25'),(2182, '方法', '第三方', '2021-11-10 17:05:33'),(2183, '123', 'dsfgsgd', '2021-12-08 00:00:00'),(2184, '123', '123', '2021-12-24 00:00:00'),(2185, '123', '123', '2021-12-15 00:00:00'),(2186, '123', '123', '2021-12-23 00:00:00'),(2187, '123', '12323', '2021-12-22 00:00:00'),(2188, '123', '123', '2021-12-30 00:00:00'),(2189, '12321', '213213', '2021-12-24 00:00:00'),(2190, '123123', '123123', '2021-12-31 00:00:00'),(2191, '123123', '123123', '2021-12-31 00:00:00'),(2192, '阿萨德', '安抚', '2021-12-17 17:05:25'),(2193, '方法', '第三方', '2021-11-10 17:05:33'),(2194, '123', 'dsfgsgd', '2021-12-08 00:00:00'),(2195, '123', '123', '2021-12-24 00:00:00'),(2196, '123', '123', '2021-12-15 00:00:00'),(2197, '123', '123', '2021-12-23 00:00:00'),(2198, '123', '12323', '2021-12-22 00:00:00'),(2199, '123', '123', '2021-12-30 00:00:00'),(2200, '12321', '213213', '2021-12-24 00:00:00'),(2201, '123123', '123123', '2021-12-31 00:00:00'),(2202, '123123', '123123', '2021-12-31 00:00:00'),(2203, '阿萨德', '安抚', '2021-12-17 17:05:25'),(2204, '方法', '第三方', '2021-11-10 17:05:33'),(2205, '123', 'dsfgsgd', '2021-12-08 00:00:00'),(2206, '123', '123', '2021-12-24 00:00:00'),(2207, '123', '123', '2021-12-15 00:00:00'),(2208, '123', '123', '2021-12-23 00:00:00'),(2209, '123', '12323', '2021-12-22 00:00:00'),(2210, '123', '123', '2021-12-30 00:00:00'),(2211, '12321', '213213', '2021-12-24 00:00:00'),(2212, '123123', '123123', '2021-12-31 00:00:00'),(2213, '123123', '123123', '2021-12-31 00:00:00');
UNLOCK TABLES;
COMMIT;
